-- Seeds generated from uploaded CSVs

/* orders */
INSERT INTO orders ("order_id", "user_id", "event_id", "status", "payment_status", "order_total", "created_at") VALUES
('1', '23', '25', 'CREATED', 'SUCCESS', '940.73', '2024-01-28 22:02:21'),
('2', '3', '22', 'CONFIRMED', 'SUCCESS', '615.38', '2024-08-19 00:39:20'),
('3', '58', '40', 'CONFIRMED', 'SUCCESS', '3004.78', '2024-01-24 20:18:17'),
('4', '1', '53', 'CONFIRMED', 'SUCCESS', '7269.0', '2023-02-20 21:53:10'),
('5', '76', '38', 'CONFIRMED', 'SUCCESS', '10317.26', '2024-09-07 17:00:16'),
('6', '73', '37', 'CONFIRMED', 'SUCCESS', '425.65', '2024-08-02 22:28:28'),
('7', '38', '15', 'CANCELLED', 'PENDING', '9265.28', '2023-01-04 14:20:28'),
('8', '5', '48', 'CANCELLED', 'PENDING', '6796.35', '2023-10-26 08:54:31'),
('9', '18', '10', 'CANCELLED', 'FAILED', '7638.56', '2023-10-03 07:12:50'),
('10', '56', '9', 'CANCELLED', 'FAILED', '8859.94', '2024-06-12 05:29:45'),
('11', '63', '49', 'CREATED', 'SUCCESS', '3146.79', '2025-05-25 00:38:12'),
('12', '22', '16', 'CREATED', 'SUCCESS', '2190.93', '2023-07-17 16:03:34'),
('13', '29', '20', 'CANCELLED', 'FAILED', '1664.55', '2024-10-28 12:04:17'),
('14', '58', '13', 'CANCELLED', 'PENDING', '742.15', '2025-06-24 15:13:55'),
('15', '9', '30', 'CANCELLED', 'FAILED', '4227.8', '2025-06-17 11:32:23'),
('16', '60', '44', 'CANCELLED', 'FAILED', '8994.27', '2023-02-23 18:15:23'),
('17', '77', '22', 'CREATED', 'SUCCESS', '667.88', '2025-04-05 14:01:30'),
('18', '30', '2', 'CREATED', 'SUCCESS', '2436.04', '2024-05-06 20:47:43'),
('19', '12', '22', 'CANCELLED', 'PENDING', '1125.77', '2025-01-26 19:28:42'),
('20', '16', '53', 'CREATED', 'SUCCESS', '2475.5', '2024-08-06 03:57:56'),
('21', '74', '39', 'CREATED', 'SUCCESS', '1557.65', '2024-02-12 00:42:46'),
('22', '56', '4', 'CANCELLED', 'FAILED', '5518.59', '2023-04-28 12:45:41'),
('23', '20', '5', 'CONFIRMED', 'SUCCESS', '6151.51', '2024-11-24 07:10:24'),
('24', '44', '11', 'CREATED', 'SUCCESS', '5821.37', '2023-11-11 21:03:07'),
('25', '8', '41', 'CREATED', 'SUCCESS', '2390.98', '2025-05-26 22:15:25'),
('26', '26', '7', 'CANCELLED', 'FAILED', '2484.29', '2023-02-14 02:23:47'),
('27', '37', '9', 'CONFIRMED', 'SUCCESS', '4193.72', '2025-04-30 18:24:20'),
('28', '42', '35', 'CANCELLED', 'FAILED', '9991.84', '2025-05-23 17:23:22'),
('29', '58', '46', 'CREATED', 'SUCCESS', '409.92', '2025-02-12 15:45:43'),
('30', '51', '48', 'CANCELLED', 'PENDING', '4478.4', '2024-12-02 20:08:57'),
('31', '51', '4', 'CANCELLED', 'FAILED', '8409.14', '2023-03-24 12:58:23'),
('32', '63', '44', 'CREATED', 'SUCCESS', '12219.86', '2025-03-27 07:08:45'),
('33', '55', '40', 'CREATED', 'SUCCESS', '1502.39', '2024-05-07 10:40:07'),
('34', '13', '9', 'CREATED', 'SUCCESS', '6736.83', '2024-03-03 14:28:01'),
('35', '60', '34', 'CREATED', 'PENDING', '2384.91', '2025-06-05 04:10:44'),
('36', '2', '1', 'CONFIRMED', 'SUCCESS', '2362.33', '2025-04-11 15:22:20'),
('37', '46', '50', 'CANCELLED', 'PENDING', '3830.17', '2024-01-04 01:48:24'),
('38', '20', '21', 'CONFIRMED', 'SUCCESS', '6950.4', '2024-11-17 10:50:14'),
('39', '77', '19', 'CREATED', 'PENDING', '5044.62', '2024-03-07 09:44:02'),
('40', '45', '31', 'CREATED', 'SUCCESS', '1255.71', '2024-06-08 09:41:47'),
('41', '15', '22', 'CREATED', 'SUCCESS', '2619.04', '2024-02-02 14:24:18'),
('42', '80', '2', 'CREATED', 'SUCCESS', '1971.41', '2024-05-20 08:10:26'),
('43', '16', '25', 'CANCELLED', 'PENDING', '1881.45', '2024-05-28 08:24:59'),
('44', '30', '24', 'CREATED', 'FAILED', '8566.59', '2023-10-22 13:16:36'),
('45', '7', '25', 'CONFIRMED', 'SUCCESS', '2143.95', '2025-05-30 23:22:06'),
('46', '33', '37', 'CREATED', 'PENDING', '1912.6', '2025-03-24 08:12:04'),
('47', '19', '29', 'CANCELLED', 'FAILED', '10993.75', '2024-11-05 22:12:18'),
('48', '62', '55', 'CREATED', 'FAILED', '4891.91', '2023-07-31 00:44:41'),
('49', '27', '35', 'CREATED', 'SUCCESS', '7415.13', '2025-04-09 20:44:55'),
('50', '37', '11', 'CANCELLED', 'PENDING', '4156.03', '2023-08-03 06:11:43'),
('51', '8', '12', 'CONFIRMED', 'SUCCESS', '2570.15', '2024-02-21 02:36:00'),
('52', '73', '40', 'CANCELLED', 'FAILED', '2899.78', '2024-04-02 22:32:26'),
('53', '3', '37', 'CONFIRMED', 'SUCCESS', '425.65', '2025-01-07 16:33:30'),
('54', '5', '60', 'CREATED', 'SUCCESS', '1207.44', '2023-04-24 00:06:36'),
('55', '50', '40', 'CANCELLED', 'FAILED', '1502.39', '2024-05-05 23:09:03'),
('56', '18', '41', 'CANCELLED', 'FAILED', '2548.48', '2024-07-07 10:11:56'),
('57', '59', '57', 'CREATED', 'SUCCESS', '1094.27', '2024-07-21 03:46:34'),
('58', '16', '47', 'CONFIRMED', 'SUCCESS', '8295.84', '2023-09-18 04:42:35'),
('59', '5', '47', 'CONFIRMED', 'SUCCESS', '2192.08', '2024-01-20 04:08:18'),
('60', '74', '33', 'CONFIRMED', 'SUCCESS', '10427.17', '2024-04-21 21:09:17'),
('61', '77', '35', 'CREATED', 'SUCCESS', '10149.34', '2024-01-19 19:17:12'),
('62', '70', '25', 'CREATED', 'PENDING', '4182.91', '2024-04-19 07:02:53'),
('63', '62', '3', 'CONFIRMED', 'SUCCESS', '2698.88', '2023-03-13 07:26:35'),
('64', '45', '7', 'CONFIRMED', 'SUCCESS', '7190.37', '2023-06-22 17:15:24'),
('65', '29', '45', 'CREATED', 'SUCCESS', '9942.95', '2023-12-27 19:20:57'),
('66', '11', '6', 'CREATED', 'SUCCESS', '4046.18', '2024-10-25 08:59:44'),
('67', '3', '58', 'CONFIRMED', 'SUCCESS', '3861.56', '2023-01-14 19:58:28'),
('68', '3', '24', 'CREATED', 'SUCCESS', '11334.62', '2024-05-28 18:06:37'),
('69', '56', '53', 'CONFIRMED', 'FAILED', '9534.5', '2023-10-22 16:22:58'),
('70', '55', '54', 'CANCELLED', 'PENDING', '1316.97', '2023-04-10 15:43:00'),
('71', '66', '24', 'CANCELLED', 'PENDING', '8304.09', '2023-01-25 02:31:45'),
('72', '3', '39', 'CANCELLED', 'FAILED', '494.41', '2025-06-24 02:57:04'),
('73', '65', '33', 'CANCELLED', 'FAILED', '5187.34', '2024-04-10 23:31:13'),
('74', '35', '15', 'CONFIRMED', 'SUCCESS', '9422.78', '2025-03-07 01:58:01'),
('75', '27', '13', 'CREATED', 'SUCCESS', '584.65', '2024-05-17 21:02:57'),
('76', '45', '28', 'CREATED', 'SUCCESS', '2983.35', '2023-12-02 01:42:12'),
('77', '39', '18', 'CONFIRMED', 'FAILED', '5518.67', '2023-08-14 07:10:25'),
('78', '28', '15', 'CANCELLED', 'FAILED', '9212.78', '2025-06-02 08:30:47'),
('79', '62', '11', 'CREATED', 'SUCCESS', '1560.34', '2023-01-21 23:12:50'),
('80', '48', '3', 'CANCELLED', 'FAILED', '622.22', '2023-06-19 11:56:04'),
('81', '5', '4', 'CONFIRMED', 'SUCCESS', '2838.04', '2023-11-05 22:38:45'),
('82', '40', '15', 'CONFIRMED', 'SUCCESS', '2342.57', '2023-03-04 22:28:43'),
('83', '9', '60', 'CANCELLED', 'PENDING', '3254.81', '2023-04-21 16:08:32'),
('84', '64', '24', 'CONFIRMED', 'SUCCESS', '8619.09', '2025-05-12 08:44:31'),
('85', '50', '28', 'CREATED', 'SUCCESS', '5651.71', '2024-08-29 14:49:33'),
('86', '36', '54', 'CANCELLED', 'PENDING', '1369.47', '2025-02-17 12:29:02'),
('87', '73', '35', 'CANCELLED', 'FAILED', '9834.34', '2025-03-02 06:51:38'),
('88', '49', '21', 'CANCELLED', 'FAILED', '2246.8', '2024-04-07 15:09:30'),
('89', '42', '20', 'CREATED', 'SUCCESS', '2961.61', '2024-02-02 04:07:14'),
('90', '18', '19', 'CREATED', 'PENDING', '1169.28', '2024-04-18 23:00:12'),
('91', '53', '27', 'CANCELLED', 'PENDING', '2520.07', '2024-09-05 09:08:49'),
('92', '51', '6', 'CANCELLED', 'PENDING', '6305.51', '2024-03-06 22:40:45'),
('93', '41', '11', 'CANCELLED', 'PENDING', '4261.03', '2023-06-27 02:27:10'),
('94', '45', '27', 'CREATED', 'SUCCESS', '7927.72', '2023-02-02 19:32:10'),
('95', '5', '39', 'CONFIRMED', 'SUCCESS', '1610.15', '2023-02-21 14:15:38'),
('96', '28', '49', 'CANCELLED', 'FAILED', '3146.79', '2023-08-11 02:22:14'),
('97', '40', '3', 'CONFIRMED', 'SUCCESS', '622.22', '2024-01-21 17:08:08'),
('98', '63', '22', 'CANCELLED', 'PENDING', '2108.65', '2025-03-16 12:45:17'),
('99', '15', '44', 'CREATED', 'SUCCESS', '9151.77', '2024-06-22 11:20:37'),
('100', '46', '21', 'CREATED', 'SUCCESS', '2246.8', '2023-02-05 10:36:02'),
('101', '46', '39', 'CONFIRMED', 'SUCCESS', '1010.74', '2023-04-05 02:45:56'),
('102', '67', '37', 'CREATED', 'SUCCESS', '530.65', '2024-07-18 04:32:18'),
('103', '67', '38', 'CREATED', 'SUCCESS', '7698.57', '2024-07-22 11:40:28'),
('104', '19', '14', 'CONFIRMED', 'SUCCESS', '6854.4', '2025-02-22 09:07:41'),
('105', '14', '30', 'CONFIRMED', 'SUCCESS', '5217.07', '2025-04-27 23:32:24'),
('106', '20', '29', 'CREATED', 'SUCCESS', '8127.19', '2023-07-13 10:45:42'),
('107', '35', '47', 'CANCELLED', 'PENDING', '8558.34', '2025-03-15 19:26:53'),
('108', '44', '38', 'CANCELLED', 'FAILED', '5184.88', '2025-06-04 12:06:19'),
('109', '10', '15', 'CONFIRMED', 'SUCCESS', '4580.14', '2024-04-21 07:06:01'),
('110', '4', '54', 'CREATED', 'SUCCESS', '1474.47', '2024-12-19 17:48:29'),
('111', '35', '53', 'CANCELLED', 'FAILED', '2318.0', '2025-06-30 14:26:47'),
('112', '44', '38', 'CANCELLED', 'PENDING', '2461.19', '2024-03-09 22:44:43'),
('113', '37', '26', 'CREATED', 'SUCCESS', '2403.24', '2023-08-28 12:47:19'),
('114', '72', '10', 'CANCELLED', 'PENDING', '2546.19', '2023-12-22 03:35:44'),
('115', '52', '32', 'CREATED', 'SUCCESS', '1763.29', '2025-02-22 11:13:18'),
('116', '41', '59', 'CREATED', 'SUCCESS', '4985.62', '2024-06-08 12:04:38'),
('117', '48', '51', 'CREATED', 'PENDING', '2390.44', '2023-10-24 15:20:32'),
('118', '69', '2', 'CONFIRMED', 'SUCCESS', '2076.41', '2024-01-16 02:04:39'),
('119', '17', '44', 'CREATED', 'SUCCESS', '12272.36', '2025-06-24 21:45:49'),
('120', '22', '4', 'CREATED', 'PENDING', '2733.04', '2023-01-07 20:15:43'),
('121', '54', '38', 'CREATED', 'SUCCESS', '10369.76', '2024-01-25 03:48:07'),
('122', '10', '28', 'CREATED', 'SUCCESS', '2878.35', '2024-08-16 19:55:58'),
('123', '65', '50', 'CREATED', 'SUCCESS', '3725.17', '2024-06-08 08:33:34'),
('124', '31', '60', 'CREATED', 'SUCCESS', '3517.31', '2025-04-17 13:35:21'),
('125', '32', '22', 'CONFIRMED', 'SUCCESS', '1283.27', '2025-05-09 01:19:15'),
('126', '63', '40', 'CONFIRMED', 'SUCCESS', '2899.78', '2024-07-14 03:59:57'),
('127', '64', '51', 'CANCELLED', 'FAILED', '2442.94', '2024-10-25 01:10:03'),
('128', '33', '1', 'CANCELLED', 'PENDING', '822.44', '2024-06-05 16:16:37'),
('129', '54', '5', 'CANCELLED', 'PENDING', '3075.75', '2024-04-29 11:40:45'),
('130', '7', '11', 'CREATED', 'SUCCESS', '2753.18', '2024-04-23 21:13:45'),
('131', '24', '51', 'CANCELLED', 'FAILED', '4990.88', '2024-06-19 18:51:17'),
('132', '66', '1', 'CONFIRMED', 'SUCCESS', '1854.89', '2025-03-24 22:43:41'),
('133', '43', '7', 'CREATED', 'SUCCESS', '9674.66', '2024-03-01 09:57:41'),
('134', '36', '12', 'CANCELLED', 'FAILED', '576.91', '2024-08-05 08:47:28'),
('135', '69', '17', 'CREATED', 'SUCCESS', '214.91', '2023-02-02 00:07:42'),
('136', '24', '22', 'CANCELLED', 'FAILED', '2108.65', '2023-01-29 17:24:30'),
('137', '28', '3', 'CONFIRMED', 'SUCCESS', '2173.88', '2023-11-06 08:47:11'),
('138', '43', '19', 'CANCELLED', 'FAILED', '4939.62', '2024-06-05 10:12:03'),
('139', '49', '16', 'CANCELLED', 'FAILED', '1095.46', '2024-06-13 13:05:17'),
('140', '2', '9', 'CONFIRMED', 'SUCCESS', '2123.11', '2023-11-03 07:43:29'),
('141', '70', '41', 'CANCELLED', 'PENDING', '2705.98', '2025-01-30 12:52:45'),
('142', '61', '52', 'CREATED', 'SUCCESS', '3014.5', '2025-03-17 08:00:39'),
('143', '64', '55', 'CONFIRMED', 'SUCCESS', '4944.41', '2023-01-04 00:30:47'),
('144', '6', '47', 'CREATED', 'SUCCESS', '8190.84', '2025-04-03 11:58:01'),
('145', '9', '10', 'CREATED', 'SUCCESS', '7533.56', '2024-09-13 12:18:18'),
('146', '63', '30', 'CONFIRMED', 'SUCCESS', '2451.04', '2023-09-15 22:42:20'),
('147', '17', '41', 'CANCELLED', 'PENDING', '1405.49', '2023-03-05 16:21:41'),
('148', '48', '25', 'CREATED', 'SUCCESS', '3972.91', '2024-11-21 22:23:45'),
('149', '18', '30', 'CREATED', 'SUCCESS', '1199.27', '2023-11-27 06:33:55'),
('150', '61', '11', 'CREATED', 'SUCCESS', '1350.34', '2025-07-30 05:13:43'),
('151', '75', '45', 'CANCELLED', 'PENDING', '9627.95', '2024-12-15 11:32:54'),
('152', '2', '49', 'CONFIRMED', 'SUCCESS', '1730.89', '2023-03-08 08:28:33'),
('153', '20', '19', 'CREATED', 'SUCCESS', '3822.84', '2023-04-27 21:24:15'),
('154', '6', '57', 'CREATED', 'SUCCESS', '2608.54', '2023-09-18 13:02:08'),
('155', '45', '15', 'CANCELLED', 'FAILED', '4685.14', '2024-09-19 03:47:36'),
('156', '69', '3', 'CONFIRMED', 'SUCCESS', '622.22', '2023-06-09 02:24:15'),
('157', '67', '2', 'CREATED', 'SUCCESS', '1296.77', '2024-03-07 15:52:02'),
('158', '9', '23', 'CONFIRMED', 'SUCCESS', '6136.81', '2024-05-18 11:26:36'),
('159', '45', '57', 'CONFIRMED', 'SUCCESS', '573.38', '2023-08-07 16:41:29'),
('160', '62', '58', 'CANCELLED', 'PENDING', '1904.53', '2023-10-25 23:24:44'),
('161', '25', '18', 'CREATED', 'SUCCESS', '2575.59', '2024-05-17 18:11:27'),
('162', '69', '28', 'CONFIRMED', 'FAILED', '2983.35', '2023-04-06 10:40:56'),
('163', '74', '2', 'CREATED', 'SUCCESS', '2173.54', '2025-05-27 03:41:15'),
('164', '3', '5', 'CONFIRMED', 'SUCCESS', '3075.75', '2023-09-29 01:53:13'),
('165', '28', '10', 'CREATED', 'SUCCESS', '2493.69', '2024-11-20 17:36:39'),
('166', '75', '27', 'CANCELLED', 'FAILED', '2572.57', '2023-02-10 12:37:41'),
('167', '12', '11', 'CONFIRMED', 'SUCCESS', '1402.84', '2023-03-27 07:46:39'),
('168', '51', '39', 'CONFIRMED', 'FAILED', '1273.24', '2025-06-30 00:27:13'),
('169', '65', '45', 'CREATED', 'SUCCESS', '4813.98', '2023-05-25 06:58:49'),
('170', '28', '59', 'CREATED', 'FAILED', '6892.49', '2024-08-30 22:41:41'),
('171', '15', '6', 'CANCELLED', 'PENDING', '4308.68', '2025-06-10 13:54:18'),
('172', '17', '43', 'CANCELLED', 'FAILED', '1795.75', '2023-05-14 09:48:30'),
('173', '33', '27', 'CREATED', 'SUCCESS', '5145.15', '2025-04-21 08:11:13'),
('174', '1', '9', 'CREATED', 'SUCCESS', '6316.83', '2023-03-28 17:01:46'),
('175', '28', '49', 'CREATED', 'SUCCESS', '3251.79', '2023-05-07 03:44:39'),
('176', '46', '43', 'CREATED', 'SUCCESS', '5229.76', '2023-12-12 09:45:36'),
('177', '77', '12', 'CANCELLED', 'FAILED', '681.91', '2025-06-06 23:30:38'),
('178', '16', '24', 'CONFIRMED', 'SUCCESS', '2820.53', '2024-08-28 05:09:54'),
('179', '20', '9', 'CANCELLED', 'FAILED', '4246.22', '2024-04-19 08:17:51'),
('180', '48', '27', 'CANCELLED', 'PENDING', '2677.57', '2023-04-28 13:41:57'),
('181', '19', '15', 'CONFIRMED', 'SUCCESS', '9475.28', '2024-07-26 06:01:25'),
('182', '36', '24', 'CREATED', 'SUCCESS', '8304.09', '2024-12-02 11:49:40'),
('183', '79', '6', 'CONFIRMED', 'SUCCESS', '4203.68', '2023-07-08 01:02:20'),
('184', '3', '29', 'CREATED', 'PENDING', '2604.06', '2025-04-27 11:11:54'),
('185', '60', '54', 'CANCELLED', 'FAILED', '1316.97', '2025-04-11 07:17:58'),
('186', '62', '54', 'CANCELLED', 'FAILED', '2211.71', '2024-09-24 17:49:52'),
('187', '42', '16', 'CREATED', 'SUCCESS', '442.73', '2025-01-01 20:27:35'),
('188', '80', '46', 'CANCELLED', 'FAILED', '462.42', '2024-03-20 18:22:47'),
('189', '57', '51', 'CONFIRMED', 'SUCCESS', '2442.94', '2023-07-09 02:28:29'),
('190', '38', '9', 'CANCELLED', 'FAILED', '2175.61', '2023-09-22 20:51:41'),
('191', '6', '14', 'CREATED', 'SUCCESS', '6696.9', '2025-03-06 21:32:31'),
('192', '31', '20', 'CREATED', 'SUCCESS', '1664.55', '2024-02-14 09:55:26'),
('193', '35', '10', 'CANCELLED', 'PENDING', '7586.06', '2024-06-29 14:06:46'),
('194', '77', '29', 'CREATED', 'SUCCESS', '11151.25', '2024-04-09 13:08:36'),
('195', '75', '43', 'CONFIRMED', 'PENDING', '6920.51', '2023-09-13 14:04:08'),
('196', '46', '55', 'CONFIRMED', 'SUCCESS', '2577.2', '2024-06-23 06:07:52'),
('197', '33', '36', 'CONFIRMED', 'SUCCESS', '1513.78', '2024-02-24 10:57:30'),
('198', '23', '57', 'CREATED', 'SUCCESS', '730.88', '2025-06-19 21:32:59'),
('199', '3', '8', 'CREATED', 'SUCCESS', '4763.18', '2024-11-10 17:17:14'),
('200', '60', '46', 'CREATED', 'SUCCESS', '819.84', '2023-08-19 12:39:53'),
('201', '64', '59', 'CANCELLED', 'FAILED', '3603.75', '2025-01-23 13:32:16'),
('202', '75', '23', 'CANCELLED', 'PENDING', '6241.81', '2024-04-15 06:33:35'),
('203', '60', '2', 'CONFIRMED', 'SUCCESS', '569.64', '2024-07-09 11:46:09'),
('204', '78', '21', 'CREATED', 'SUCCESS', '4598.6', '2025-03-26 23:32:25'),
('205', '48', '56', 'CANCELLED', 'FAILED', '9160.29', '2023-02-22 18:02:01'),
('206', '64', '51', 'CONFIRMED', 'SUCCESS', '4728.38', '2024-07-03 05:11:54'),
('207', '77', '36', 'CONFIRMED', 'SUCCESS', '1356.28', '2024-05-28 14:16:01'),
('208', '74', '54', 'CANCELLED', 'FAILED', '842.24', '2023-09-30 12:19:48'),
('209', '6', '57', 'CANCELLED', 'PENDING', '1982.65', '2024-07-06 11:15:55'),
('210', '15', '24', 'CONFIRMED', 'SUCCESS', '5536.06', '2025-06-21 06:18:10'),
('211', '39', '46', 'CREATED', 'SUCCESS', '1029.84', '2024-02-04 14:03:58'),
('212', '3', '10', 'CREATED', 'SUCCESS', '5197.37', '2023-03-05 00:12:57'),
('213', '30', '28', 'CANCELLED', 'FAILED', '8635.06', '2023-05-28 01:46:46'),
('214', '16', '18', 'CONFIRMED', 'SUCCESS', '1235.29', '2024-10-31 22:56:31'),
('215', '74', '25', 'CREATED', 'SUCCESS', '4340.41', '2024-07-19 05:56:02'),
('216', '41', '37', 'CANCELLED', 'FAILED', '1276.95', '2024-03-07 10:39:04'),
('217', '51', '15', 'CANCELLED', 'PENDING', '6922.71', '2024-10-10 16:39:28'),
('218', '25', '13', 'CANCELLED', 'FAILED', '1221.8', '2023-11-29 17:41:52'),
('219', '33', '42', 'CONFIRMED', 'SUCCESS', '5143.92', '2024-05-04 21:19:57'),
('220', '23', '5', 'CREATED', 'SUCCESS', '9384.76', '2025-02-13 00:04:38'),
('221', '55', '57', 'CONFIRMED', 'SUCCESS', '2766.04', '2024-08-18 23:59:18'),
('222', '15', '21', 'CANCELLED', 'FAILED', '9144.7', '2024-05-21 02:30:43'),
('223', '8', '38', 'CANCELLED', 'FAILED', '10054.76', '2023-08-03 21:05:00'),
('224', '73', '60', 'CANCELLED', 'FAILED', '2099.87', '2024-02-06 09:34:26'),
('225', '66', '16', 'CONFIRMED', 'SUCCESS', '1980.93', '2024-03-05 20:37:41'),
('226', '27', '52', 'CREATED', 'SUCCESS', '3014.5', '2023-01-15 04:58:47'),
('227', '70', '29', 'CANCELLED', 'PENDING', '5365.63', '2023-01-09 07:09:02'),
('228', '14', '7', 'CONFIRMED', 'SUCCESS', '9779.66', '2023-08-23 10:56:00'),
('229', '29', '32', 'CONFIRMED', 'FAILED', '3579.07', '2025-04-12 00:28:28'),
('230', '2', '5', 'CONFIRMED', 'SUCCESS', '9647.26', '2023-09-12 11:05:29'),
('231', '3', '20', 'CANCELLED', 'PENDING', '6238.22', '2024-02-03 20:39:13'),
('232', '79', '31', 'CANCELLED', 'FAILED', '1413.21', '2023-03-06 04:03:18'),
('233', '66', '14', 'CANCELLED', 'PENDING', '6749.4', '2025-01-21 12:20:37'),
('234', '17', '55', 'CREATED', 'SUCCESS', '2367.2', '2023-04-16 06:08:36'),
('235', '14', '10', 'CANCELLED', 'PENDING', '5144.87', '2023-07-27 21:44:16'),
('236', '35', '37', 'CONFIRMED', 'SUCCESS', '1492.6', '2025-01-26 17:07:29'),
('237', '32', '27', 'CANCELLED', 'PENDING', '2467.57', '2023-07-13 12:20:18'),
('238', '33', '24', 'CONFIRMED', 'SUCCESS', '8514.09', '2023-09-26 11:03:40'),
('239', '27', '34', 'CREATED', 'SUCCESS', '9592.13', '2024-06-13 06:26:51'),
('240', '50', '3', 'CREATED', 'SUCCESS', '2698.88', '2023-06-28 07:49:11'),
('241', '69', '30', 'CREATED', 'SUCCESS', '5217.07', '2025-06-16 17:46:31'),
('242', '50', '11', 'CONFIRMED', 'SUCCESS', '2963.18', '2024-11-24 11:17:33'),
('243', '61', '41', 'CANCELLED', 'PENDING', '2160.73', '2023-09-01 02:01:30'),
('244', '18', '5', 'CANCELLED', 'PENDING', '6361.51', '2024-05-21 14:54:42'),
('245', '16', '5', 'CREATED', 'SUCCESS', '12775.52', '2024-11-16 07:35:16'),
('246', '30', '45', 'CANCELLED', 'FAILED', '7457.22', '2025-01-23 01:59:17'),
('247', '72', '31', 'CREATED', 'SUCCESS', '5547.82', '2025-02-04 15:39:28'),
('248', '54', '31', 'CONFIRMED', 'SUCCESS', '3872.12', '2023-07-15 11:13:50'),
('249', '51', '24', 'CANCELLED', 'PENDING', '5746.06', '2023-10-10 19:26:36'),
('250', '72', '59', 'CONFIRMED', 'SUCCESS', '6629.99', '2024-03-08 23:44:03'),
('251', '78', '25', 'CONFIRMED', 'SUCCESS', '3972.91', '2025-04-20 20:24:52'),
('252', '19', '20', 'CONFIRMED', 'SUCCESS', '6238.22', '2024-02-06 14:16:23'),
('253', '66', '29', 'CREATED', 'SUCCESS', '7917.19', '2025-06-06 15:51:02'),
('254', '74', '28', 'CANCELLED', 'FAILED', '5599.21', '2025-06-29 03:24:33'),
('255', '67', '2', 'CREATED', 'SUCCESS', '2593.54', '2023-12-02 16:33:27'),
('256', '22', '31', 'CONFIRMED', 'SUCCESS', '2616.41', '2023-10-02 19:33:16'),
('257', '10', '19', 'CREATED', 'SUCCESS', '3927.84', '2023-03-30 18:45:00'),
('258', '27', '54', 'CANCELLED', 'FAILED', '3158.95', '2023-03-18 12:47:20'),
('259', '35', '18', 'CANCELLED', 'PENDING', '5151.17', '2024-03-31 03:03:22'),
('260', '15', '22', 'CREATED', 'SUCCESS', '2213.65', '2023-11-11 18:36:45'),
('261', '70', '15', 'CONFIRMED', 'SUCCESS', '7185.21', '2025-06-11 01:13:49'),
('262', '64', '33', 'CONFIRMED', 'SUCCESS', '10532.17', '2024-12-27 22:44:57'),
('263', '13', '10', 'CONFIRMED', 'SUCCESS', '5249.87', '2023-06-29 17:54:38'),
('264', '45', '8', 'CANCELLED', 'FAILED', '6934.77', '2025-07-17 21:09:42'),
('265', '55', '53', 'CANCELLED', 'PENDING', '9429.5', '2023-09-19 17:07:15'),
('266', '8', '40', 'CANCELLED', 'FAILED', '4349.68', '2023-11-04 13:35:14'),
('267', '48', '44', 'CREATED', 'SUCCESS', '6188.68', '2025-04-03 08:50:58'),
('268', '39', '41', 'CONFIRMED', 'FAILED', '2055.73', '2024-12-01 07:14:14'),
('269', '63', '6', 'CREATED', 'SUCCESS', '2101.84', '2025-03-31 13:14:23'),
('270', '25', '50', 'CREATED', 'SUCCESS', '1364.22', '2025-05-25 10:25:30'),
('271', '10', '16', 'CONFIRMED', 'SUCCESS', '2033.43', '2025-06-17 18:30:36'),
('272', '29', '34', 'CREATED', 'SUCCESS', '4664.81', '2025-06-30 08:27:01'),
('273', '69', '13', 'CONFIRMED', 'SUCCESS', '2653.6', '2023-08-30 11:50:01'),
('274', '12', '12', 'CREATED', 'SUCCESS', '2307.65', '2024-05-16 10:06:38'),
('275', '25', '44', 'CREATED', 'SUCCESS', '6136.18', '2023-02-14 13:02:14'),
('276', '68', '13', 'CANCELLED', 'FAILED', '1116.8', '2024-05-11 01:13:35'),
('277', '70', '48', 'CONFIRMED', 'SUCCESS', '4373.4', '2025-02-28 11:49:40'),
('278', '41', '43', 'CANCELLED', 'PENDING', '1743.25', '2025-02-25 00:21:05'),
('279', '49', '30', 'CONFIRMED', 'SUCCESS', '5007.07', '2023-02-20 15:59:09'),
('280', '27', '59', 'CREATED', 'SUCCESS', '3183.75', '2025-04-30 23:05:34'),
('281', '61', '7', 'CANCELLED', 'FAILED', '2589.29', '2023-08-24 06:21:23'),
('282', '10', '15', 'CANCELLED', 'FAILED', '4632.64', '2024-09-26 16:37:05'),
('283', '47', '48', 'CANCELLED', 'FAILED', '2265.45', '2023-09-06 03:58:41'),
('284', '15', '56', 'CONFIRMED', 'SUCCESS', '11898.73', '2024-04-02 11:57:25'),
('285', '3', '32', 'CONFIRMED', 'SUCCESS', '3526.57', '2023-07-03 12:45:34'),
('286', '63', '4', 'CONFIRMED', 'SUCCESS', '5886.09', '2024-02-15 00:11:40'),
('287', '32', '5', 'CONFIRMED', 'SUCCESS', '9489.76', '2024-02-24 21:17:13'),
('288', '22', '52', 'CREATED', 'SUCCESS', '6134.0', '2023-11-24 16:14:43'),
('289', '33', '24', 'CONFIRMED', 'SUCCESS', '2820.53', '2024-12-20 12:27:17'),
('290', '80', '28', 'CANCELLED', 'FAILED', '5966.71', '2024-06-18 19:59:13'),
('291', '15', '8', 'CREATED', 'SUCCESS', '7144.77', '2025-03-31 06:30:40'),
('292', '78', '41', 'CANCELLED', 'PENDING', '1845.73', '2025-05-18 10:59:31'),
('293', '69', '11', 'CANCELLED', 'PENDING', '5768.87', '2024-03-10 07:31:51'),
('294', '3', '20', 'CANCELLED', 'FAILED', '4783.66', '2023-10-05 19:27:54'),
('295', '45', '59', 'CREATED', 'SUCCESS', '3288.75', '2024-06-10 01:36:27'),
('296', '58', '21', 'CONFIRMED', 'SUCCESS', '9407.2', '2024-09-22 02:20:41'),
('297', '11', '7', 'CREATED', 'SUCCESS', '4863.58', '2024-09-25 07:17:21'),
('298', '19', '54', 'CONFIRMED', 'SUCCESS', '842.24', '2023-04-12 21:06:32'),
('299', '49', '60', 'CREATED', 'SUCCESS', '1049.94', '2023-03-15 19:53:08'),
('300', '54', '37', 'CANCELLED', 'FAILED', '1014.45', '2023-02-18 15:40:26'),
('301', '80', '11', 'CREATED', 'SUCCESS', '1560.34', '2023-07-19 09:28:09'),
('302', '12', '34', 'CREATED', 'SUCCESS', '7312.22', '2024-02-23 22:59:37'),
('303', '37', '18', 'CONFIRMED', 'SUCCESS', '1287.79', '2024-01-23 16:07:38'),
('304', '76', '48', 'CANCELLED', 'PENDING', '4635.9', '2025-01-27 08:23:21'),
('305', '54', '59', 'CANCELLED', 'FAILED', '1696.87', '2024-07-19 19:50:15'),
('306', '14', '24', 'CONFIRMED', 'SUCCESS', '8566.59', '2025-06-19 00:00:09'),
('307', '8', '27', 'CANCELLED', 'PENDING', '10290.29', '2024-02-24 16:55:59'),
('308', '62', '39', 'CONFIRMED', 'SUCCESS', '958.24', '2025-07-14 01:06:37'),
('309', '48', '43', 'CREATED', 'FAILED', '1795.75', '2024-04-24 00:25:16'),
('310', '22', '46', 'CANCELLED', 'FAILED', '409.92', '2025-07-10 08:56:21'),
('311', '55', '5', 'CANCELLED', 'PENDING', '6309.01', '2023-02-07 22:47:50'),
('312', '20', '39', 'CREATED', 'SUCCESS', '621.33', '2024-12-15 00:27:46'),
('313', '28', '41', 'CONFIRMED', 'SUCCESS', '2390.98', '2023-03-04 09:30:07'),
('314', '5', '7', 'CONFIRMED', 'SUCCESS', '4863.58', '2023-04-16 14:10:25'),
('315', '15', '14', 'CONFIRMED', 'SUCCESS', '1595.48', '2023-06-24 16:24:00'),
('316', '22', '18', 'CANCELLED', 'FAILED', '1235.29', '2024-03-02 12:19:09'),
('317', '59', '6', 'CREATED', 'SUCCESS', '6253.01', '2025-02-15 02:08:16'),
('318', '13', '58', 'CREATED', 'SUCCESS', '3861.56', '2025-05-06 16:07:34'),
('319', '68', '47', 'CANCELLED', 'FAILED', '8505.84', '2023-01-17 11:40:04'),
('320', '38', '5', 'CONFIRMED', 'SUCCESS', '6204.01', '2025-06-25 01:17:14'),
('321', '32', '23', 'CANCELLED', 'FAILED', '8672.41', '2024-04-03 23:00:15'),
('322', '38', '55', 'CANCELLED', 'PENDING', '4891.91', '2024-12-31 00:24:13'),
('323', '58', '44', 'CONFIRMED', 'SUCCESS', '6188.68', '2024-05-07 01:49:46'),
('324', '63', '52', 'CANCELLED', 'FAILED', '6134.0', '2024-12-29 11:02:44'),
('325', '53', '37', 'CANCELLED', 'FAILED', '1807.6', '2024-11-12 01:34:28'),
('326', '48', '29', 'CANCELLED', 'PENDING', '2604.06', '2023-06-09 01:43:31'),
('327', '25', '3', 'CANCELLED', 'FAILED', '622.22', '2023-03-04 23:17:06'),
('328', '64', '57', 'CONFIRMED', 'FAILED', '1877.65', '2023-02-28 20:29:39'),
('329', '80', '8', 'CONFIRMED', 'SUCCESS', '7144.77', '2024-03-12 05:11:53'),
('330', '48', '55', 'CANCELLED', 'PENDING', '1236.1', '2024-08-31 04:21:22'),
('331', '18', '15', 'CREATED', 'SUCCESS', '2447.57', '2023-02-27 06:48:04'),
('332', '50', '58', 'CANCELLED', 'PENDING', '3966.56', '2024-07-17 13:58:50'),
('333', '21', '17', 'CREATED', 'SUCCESS', '1384.66', '2023-12-31 16:19:18'),
('334', '38', '37', 'CREATED', 'SUCCESS', '2017.6', '2024-07-14 04:53:21'),
('335', '78', '16', 'CANCELLED', 'PENDING', '1928.43', '2025-02-26 23:01:30'),
('336', '44', '56', 'CONFIRMED', 'SUCCESS', '3105.93', '2024-01-13 09:51:16'),
('337', '51', '49', 'CONFIRMED', 'SUCCESS', '3146.79', '2025-07-13 02:56:48'),
('338', '49', '6', 'CONFIRMED', 'SUCCESS', '6515.51', '2023-01-14 16:26:39'),
('339', '65', '1', 'CANCELLED', 'FAILED', '2677.33', '2025-03-13 00:37:38'),
('340', '53', '11', 'CREATED', 'FAILED', '1402.84', '2023-04-02 15:19:27'),
('341', '3', '34', 'CREATED', 'SUCCESS', '7312.22', '2024-05-24 07:05:41'),
('342', '60', '23', 'CREATED', 'SUCCESS', '8567.41', '2024-04-08 10:26:41'),
('343', '35', '42', 'CREATED', 'SUCCESS', '6911.06', '2025-04-16 22:02:32'),
('344', '34', '31', 'CREATED', 'SUCCESS', '5442.82', '2023-12-11 18:12:52'),
('345', '77', '2', 'CANCELLED', 'PENDING', '1086.77', '2023-06-29 21:08:06'),
('346', '44', '41', 'CONFIRMED', 'SUCCESS', '2390.98', '2023-05-28 20:56:32'),
('347', '61', '36', 'CONFIRMED', 'SUCCESS', '5582.64', '2024-03-04 17:26:31'),
('348', '20', '46', 'CONFIRMED', 'SUCCESS', '409.92', '2023-05-18 08:57:22'),
('349', '20', '19', 'CANCELLED', 'FAILED', '2548.56', '2023-07-27 01:46:14'),
('350', '42', '22', 'CONFIRMED', 'SUCCESS', '2161.15', '2024-10-13 09:44:25'),
('351', '68', '57', 'CREATED', 'SUCCESS', '730.88', '2025-03-24 17:38:46'),
('352', '8', '57', 'CANCELLED', 'FAILED', '2608.54', '2023-09-03 08:24:54'),
('353', '17', '39', 'CONFIRMED', 'SUCCESS', '494.41', '2023-01-21 03:51:58'),
('354', '16', '28', 'CREATED', 'SUCCESS', '5651.71', '2024-11-18 17:21:44'),
('355', '58', '44', 'CREATED', 'SUCCESS', '12324.86', '2024-07-09 09:23:13'),
('356', '39', '35', 'CANCELLED', 'FAILED', '2524.21', '2023-02-07 01:12:45'),
('357', '10', '13', 'CANCELLED', 'PENDING', '2233.6', '2024-12-12 08:36:54'),
('358', '3', '14', 'CREATED', 'SUCCESS', '4943.92', '2023-07-17 09:07:25'),
('359', '23', '4', 'CONFIRMED', 'SUCCESS', '5886.09', '2023-08-27 11:54:49'),
('360', '45', '44', 'CREATED', 'SUCCESS', '8889.27', '2023-08-09 05:58:49'),
('361', '41', '49', 'CONFIRMED', 'SUCCESS', '5087.68', '2023-04-11 15:48:06'),
('362', '28', '4', 'CONFIRMED', 'SUCCESS', '5518.59', '2024-10-01 07:41:09'),
('363', '9', '32', 'CANCELLED', 'FAILED', '7315.64', '2024-09-21 08:45:11'),
('364', '60', '29', 'CREATED', 'SUCCESS', '2709.06', '2024-06-30 12:50:21'),
('365', '21', '35', 'CANCELLED', 'PENDING', '9991.84', '2023-01-13 06:02:57'),
('366', '2', '26', 'CREATED', 'SUCCESS', '9192.96', '2024-05-11 22:11:57'),
('367', '32', '34', 'CREATED', 'FAILED', '4927.31', '2024-01-26 10:50:06'),
('368', '32', '30', 'CREATED', 'SUCCESS', '3650.3', '2024-12-28 18:35:01'),
('369', '47', '50', 'CANCELLED', 'FAILED', '2465.95', '2023-01-10 20:35:14'),
('370', '5', '60', 'CREATED', 'SUCCESS', '4462.25', '2024-03-17 21:26:14'),
('371', '24', '33', 'CANCELLED', 'PENDING', '5344.84', '2024-05-19 08:33:17'),
('372', '71', '49', 'CONFIRMED', 'SUCCESS', '6451.07', '2024-09-01 00:53:00'),
('373', '39', '38', 'CREATED', 'SUCCESS', '9949.76', '2024-12-17 05:26:42'),
('374', '53', '6', 'CREATED', 'SUCCESS', '6200.51', '2025-06-05 01:49:19'),
('375', '35', '41', 'CONFIRMED', 'SUCCESS', '1793.23', '2024-04-28 18:53:58'),
('376', '8', '59', 'CANCELLED', 'FAILED', '3288.75', '2023-11-09 18:14:02'),
('377', '55', '54', 'CONFIRMED', 'SUCCESS', '1369.47', '2024-10-08 12:02:02'),
('378', '58', '57', 'CANCELLED', 'FAILED', '1251.77', '2023-01-28 20:45:23'),
('379', '80', '11', 'CONFIRMED', 'SUCCESS', '4576.03', '2024-04-07 08:46:31'),
('380', '60', '3', 'CONFIRMED', 'SUCCESS', '2076.66', '2025-02-19 12:05:52'),
('381', '58', '49', 'CANCELLED', 'PENDING', '6346.07', '2024-09-16 11:32:31'),
('382', '5', '47', 'CANCELLED', 'FAILED', '8243.34', '2023-11-27 21:36:30'),
('383', '53', '34', 'CONFIRMED', 'SUCCESS', '2542.41', '2024-01-06 14:30:31'),
('384', '20', '22', 'CANCELLED', 'FAILED', '1178.27', '2023-06-06 01:25:34'),
('385', '79', '13', 'CREATED', 'SUCCESS', '2653.6', '2023-06-25 23:09:24'),
('386', '56', '42', 'CONFIRMED', 'SUCCESS', '5248.92', '2025-01-01 00:09:32'),
('387', '1', '2', 'CANCELLED', 'PENDING', '622.14', '2025-03-22 18:08:57'),
('388', '17', '19', 'CREATED', 'SUCCESS', '1169.28', '2024-04-30 04:00:32'),
('389', '17', '17', 'CREATED', 'SUCCESS', '214.91', '2025-04-22 06:04:53'),
('390', '47', '41', 'CANCELLED', 'PENDING', '755.24', '2024-02-10 10:18:40'),
('391', '69', '48', 'CREATED', 'SUCCESS', '6691.35', '2025-02-19 16:05:08'),
('392', '13', '28', 'CREATED', 'SUCCESS', '5861.71', '2025-05-22 10:52:18'),
('393', '36', '48', 'CANCELLED', 'PENDING', '4583.4', '2023-03-22 01:59:09'),
('394', '12', '35', 'CREATED', 'SUCCESS', '5153.42', '2023-10-06 20:48:49'),
('395', '63', '21', 'CANCELLED', 'FAILED', '6950.4', '2024-08-19 03:28:01'),
('396', '73', '55', 'CONFIRMED', 'SUCCESS', '3865.81', '2024-10-28 05:12:31'),
('397', '21', '1', 'CONFIRMED', 'SUCCESS', '927.44', '2023-12-09 16:43:12'),
('398', '17', '15', 'CREATED', 'PENDING', '9212.78', '2025-07-16 06:44:36'),
('399', '26', '55', 'CANCELLED', 'PENDING', '4944.41', '2024-10-17 12:08:42'),
('400', '27', '48', 'CANCELLED', 'FAILED', '4740.9', '2024-01-28 01:20:19');

/* tickets */
INSERT INTO tickets ("ticket_id", "order_id", "event_id", "seat_id", "price_paid") VALUES
('1', '1', '25', '3121', '895.93'),
('2', '2', '22', '2695', '586.08'),
('3', '3', '40', '5004', '1430.85'),
('4', '3', '40', '5001', '1430.85'),
('5', '4', '53', '6551', '2357.62'),
('6', '4', '53', '6501', '2207.62'),
('7', '4', '53', '6535', '2357.62'),
('8', '5', '38', '4616', '2543.99'),
('9', '5', '38', '4530', '2393.99'),
('10', '5', '38', '4565', '2443.99'),
('11', '5', '38', '4698', '2443.99'),
('12', '6', '37', '4473', '405.38'),
('13', '7', '15', '1913', '2181.02'),
('14', '7', '15', '1937', '2231.02'),
('15', '7', '15', '1881', '2231.02'),
('16', '7', '15', '1889', '2181.02'),
('17', '8', '48', '5910', '2257.57'),
('18', '8', '48', '5978', '2157.57'),
('19', '8', '48', '5964', '2057.57'),
('20', '9', '10', '1333', '2424.94'),
('21', '9', '10', '1356', '2474.94'),
('22', '9', '10', '1362', '2374.94'),
('23', '10', '9', '1270', '2172.01'),
('24', '10', '9', '1291', '2072.01'),
('25', '10', '9', '1313', '2172.01'),
('26', '10', '9', '1281', '2022.01'),
('27', '11', '49', '6038', '1498.47'),
('28', '11', '49', '6097', '1498.47'),
('29', '12', '16', '2001', '571.65'),
('30', '12', '16', '2058', '571.65'),
('31', '12', '16', '2035', '471.65'),
('32', '12', '16', '2016', '471.65'),
('33', '13', '20', '2500', '1585.29'),
('34', '14', '13', '1604', '706.81'),
('35', '15', '30', '3700', '1342.16'),
('36', '15', '30', '3636', '1342.16'),
('37', '15', '30', '3613', '1342.16'),
('38', '16', '44', '5544', '2871.99'),
('39', '16', '44', '5548', '2821.99'),
('40', '16', '44', '5484', '2871.99'),
('41', '17', '22', '2771', '636.08'),
('42', '18', '2', '239', '692.51'),
('43', '18', '2', '244', '542.51'),
('44', '18', '2', '270', '542.51'),
('45', '18', '2', '321', '542.51'),
('46', '19', '22', '2778', '536.08'),
('47', '19', '22', '2705', '536.08'),
('48', '20', '53', '6566', '2357.62'),
('49', '21', '39', '4795', '270.87'),
('50', '21', '39', '4760', '470.87'),
('51', '21', '39', '4743', '270.87'),
('52', '21', '39', '4822', '470.87'),
('53', '22', '4', '630', '2602.9'),
('54', '22', '4', '628', '2652.9'),
('55', '23', '5', '739', '2929.29'),
('56', '23', '5', '675', '2929.29'),
('57', '24', '11', '1454', '1286.04'),
('58', '24', '11', '1430', '1486.04'),
('59', '24', '11', '1376', '1286.04'),
('60', '24', '11', '1455', '1486.04'),
('61', '25', '41', '5062', '569.28'),
('62', '25', '41', '5104', '619.28'),
('63', '25', '41', '5052', '569.28'),
('64', '25', '41', '5101', '519.28'),
('65', '26', '7', '1084', '2365.99'),
('66', '27', '9', '1277', '1972.01'),
('67', '27', '9', '1280', '2022.01'),
('68', '28', '35', '4283', '2354.01'),
('69', '28', '35', '4309', '2404.01'),
('70', '28', '35', '4297', '2354.01'),
('71', '28', '35', '4321', '2404.01'),
('72', '29', '46', '5640', '390.4'),
('73', '30', '48', '5915', '2107.57'),
('74', '30', '48', '5942', '2157.57'),
('75', '31', '4', '590', '2702.9'),
('76', '31', '4', '606', '2652.9'),
('77', '31', '4', '581', '2652.9'),
('78', '32', '44', '5494', '2821.99'),
('79', '32', '44', '5550', '2921.99'),
('80', '32', '44', '5493', '2871.99'),
('81', '32', '44', '5541', '3021.99'),
('82', '33', '40', '5007', '1430.85'),
('83', '34', '9', '1273', '2172.01'),
('84', '34', '9', '1313', '2172.01'),
('85', '34', '9', '1296', '2072.01'),
('86', '35', '34', '4243', '2271.34'),
('87', '36', '1', '58', '683.28'),
('88', '36', '1', '174', '883.28'),
('89', '36', '1', '140', '683.28'),
('90', '37', '50', '6186', '1299.26'),
('91', '37', '50', '6219', '1199.26'),
('92', '37', '50', '6243', '1149.26'),
('93', '38', '21', '2589', '2239.81'),
('94', '38', '21', '2542', '2139.81'),
('95', '38', '21', '2590', '2239.81'),
('96', '39', '19', '2406', '1313.6'),
('97', '39', '19', '2368', '1163.6'),
('98', '39', '19', '2302', '1213.6'),
('99', '39', '19', '2317', '1113.6'),
('100', '40', '31', '3737', '1195.91'),
('101', '41', '22', '2768', '536.08'),
('102', '41', '22', '2667', '586.08'),
('103', '41', '22', '2706', '736.08'),
('104', '41', '22', '2783', '636.08'),
('105', '42', '2', '202', '592.51'),
('106', '42', '2', '228', '692.51'),
('107', '42', '2', '317', '592.51'),
('108', '43', '25', '3028', '895.93'),
('109', '43', '25', '3096', '895.93'),
('110', '44', '24', '2955', '2836.22'),
('111', '44', '24', '2921', '2636.22'),
('112', '44', '24', '2991', '2686.22'),
('113', '45', '25', '3024', '1095.9299999999998'),
('114', '45', '25', '3109', '945.93'),
('115', '46', '37', '4461', '505.38'),
('116', '46', '37', '4433', '405.38'),
('117', '46', '37', '4438', '505.38'),
('118', '46', '37', '4478', '405.38'),
('119', '47', '29', '3586', '2580.06'),
('120', '47', '29', '3565', '2530.06'),
('121', '47', '29', '3514', '2680.06'),
('122', '47', '29', '3546', '2680.06'),
('123', '48', '55', '6698', '1227.24'),
('124', '48', '55', '6727', '1127.24'),
('125', '48', '55', '6735', '1177.24'),
('126', '48', '55', '6742', '1127.24'),
('127', '49', '35', '4290', '2404.01'),
('128', '49', '35', '4267', '2304.01'),
('129', '49', '35', '4305', '2354.01'),
('130', '50', '11', '1462', '1286.04'),
('131', '50', '11', '1458', '1386.04'),
('132', '50', '11', '1418', '1286.04'),
('133', '51', '12', '1472', '649.44'),
('134', '51', '12', '1483', '499.44'),
('135', '51', '12', '1480', '649.44'),
('136', '51', '12', '1553', '649.44'),
('137', '52', '40', '4970', '1430.85'),
('138', '52', '40', '4965', '1330.85'),
('139', '53', '37', '4424', '405.38'),
('140', '54', '60', '7195', '1149.94'),
('141', '55', '40', '4953', '1430.85'),
('142', '56', '41', '5091', '519.28'),
('143', '56', '41', '5094', '569.28'),
('144', '56', '41', '5065', '719.28'),
('145', '56', '41', '5072', '619.28'),
('146', '57', '57', '6957', '496.08'),
('147', '57', '57', '6913', '546.0799999999999'),
('148', '58', '47', '5794', '1937.7'),
('149', '58', '47', '5779', '2087.7'),
('150', '58', '47', '5822', '1887.7'),
('151', '58', '47', '5760', '1987.7'),
('152', '59', '47', '5873', '2087.7'),
('153', '60', '33', '4097', '2445.16'),
('154', '60', '33', '4087', '2495.16'),
('155', '60', '33', '4108', '2495.16'),
('156', '60', '33', '4082', '2495.16'),
('157', '61', '35', '4334', '2504.01'),
('158', '61', '35', '4266', '2404.01'),
('159', '61', '35', '4299', '2354.01'),
('160', '61', '35', '4333', '2404.01'),
('161', '62', '25', '3022', '1095.9299999999998'),
('162', '62', '25', '3100', '1095.9299999999998'),
('163', '62', '25', '3078', '895.93'),
('164', '62', '25', '3034', '895.93'),
('165', '63', '3', '467', '592.5899999999999'),
('166', '63', '3', '454', '692.5899999999999'),
('167', '63', '3', '547', '692.5899999999999'),
('168', '63', '3', '417', '592.5899999999999'),
('169', '64', '7', '1083', '2315.99'),
('170', '64', '7', '1072', '2265.99'),
('171', '64', '7', '962', '2265.99'),
('172', '65', '45', '5596', '2317.37'),
('173', '65', '45', '5611', '2317.37'),
('174', '65', '45', '5592', '2367.37'),
('175', '65', '45', '5571', '2467.37'),
('176', '66', '6', '826', '1901.75'),
('177', '66', '6', '858', '1951.75'),
('178', '67', '58', '7042', '1863.84'),
('179', '67', '58', '6999', '1813.84'),
('180', '68', '24', '2913', '2736.22'),
('181', '68', '24', '2997', '2736.22'),
('182', '68', '24', '3007', '2636.22'),
('183', '68', '24', '2970', '2686.22'),
('184', '69', '53', '6535', '2357.62'),
('185', '69', '53', '6518', '2157.62'),
('186', '69', '53', '6571', '2207.62'),
('187', '69', '53', '6523', '2357.62'),
('188', '70', '54', '6603', '652.13'),
('189', '70', '54', '6659', '602.13'),
('190', '71', '24', '2989', '2636.22'),
('191', '71', '24', '2996', '2636.22'),
('192', '71', '24', '2981', '2636.22'),
('193', '72', '39', '4813', '470.87'),
('194', '73', '33', '4104', '2495.16'),
('195', '73', '33', '4129', '2445.16'),
('196', '74', '15', '1816', '2331.02'),
('197', '74', '15', '1960', '2331.02'),
('198', '74', '15', '1835', '2181.02'),
('199', '74', '15', '1919', '2131.02'),
('200', '75', '13', '1595', '556.81'),
('201', '76', '28', '3439', '2841.29'),
('202', '77', '18', '2163', '1376.47'),
('203', '77', '18', '2187', '1276.47'),
('204', '77', '18', '2277', '1226.47'),
('205', '77', '18', '2255', '1376.47'),
('206', '78', '15', '1897', '2131.02'),
('207', '78', '15', '1877', '2131.02'),
('208', '78', '15', '1966', '2181.02'),
('209', '78', '15', '1979', '2331.02'),
('210', '79', '11', '1422', '1486.04'),
('211', '80', '3', '475', '592.5899999999999'),
('212', '81', '4', '620', '2702.9'),
('213', '82', '15', '1882', '2231.02'),
('214', '83', '60', '7171', '949.94'),
('215', '83', '60', '7288', '999.94'),
('216', '83', '60', '7218', '1149.94'),
('217', '84', '24', '2923', '2836.22'),
('218', '84', '24', '2967', '2636.22'),
('219', '84', '24', '2965', '2736.22'),
('220', '85', '28', '3378', '2691.29'),
('221', '85', '28', '3360', '2691.29'),
('222', '86', '54', '6628', '602.13'),
('223', '86', '54', '6581', '702.13'),
('224', '87', '35', '4279', '2354.01'),
('225', '87', '35', '4303', '2304.01'),
('226', '87', '35', '4295', '2354.01'),
('227', '87', '35', '4330', '2354.01'),
('228', '88', '21', '2638', '2139.81'),
('229', '89', '20', '2446', '1435.29'),
('230', '89', '20', '2518', '1385.29'),
('231', '90', '19', '2357', '1113.6'),
('232', '91', '27', '3359', '2400.07'),
('233', '92', '6', '934', '2001.75'),
('234', '92', '6', '957', '2101.75'),
('235', '92', '6', '857', '1901.75'),
('236', '93', '11', '1389', '1336.04'),
('237', '93', '11', '1384', '1386.04'),
('238', '93', '11', '1392', '1336.04'),
('239', '94', '27', '3323', '2450.07'),
('240', '94', '27', '3330', '2550.07'),
('241', '94', '27', '3325', '2550.07'),
('242', '95', '39', '4747', '320.87'),
('243', '95', '39', '4890', '370.87'),
('244', '95', '39', '4860', '370.87'),
('245', '95', '39', '4895', '470.87'),
('246', '96', '49', '5997', '1548.47'),
('247', '96', '49', '6103', '1448.47'),
('248', '97', '3', '505', '592.5899999999999'),
('249', '98', '22', '2725', '736.08'),
('250', '98', '22', '2688', '736.08'),
('251', '98', '22', '2683', '536.08'),
('252', '99', '44', '5507', '3021.99'),
('253', '99', '44', '5465', '2821.99'),
('254', '99', '44', '5488', '2871.99'),
('255', '100', '21', '2586', '2139.81'),
('256', '101', '39', '4862', '370.87'),
('257', '101', '39', '4795', '270.87'),
('258', '101', '39', '4866', '320.87'),
('259', '102', '37', '4454', '505.38'),
('260', '103', '38', '4623', '2543.99'),
('261', '103', '38', '4535', '2343.99'),
('262', '103', '38', '4619', '2443.99'),
('263', '104', '14', '1729', '1619.5'),
('264', '104', '14', '1747', '1719.5'),
('265', '104', '14', '1704', '1569.5'),
('266', '104', '14', '1702', '1619.5'),
('267', '105', '30', '3670', '1192.16'),
('268', '105', '30', '3685', '1192.16'),
('269', '105', '30', '3661', '1342.16'),
('270', '105', '30', '3678', '1242.16'),
('271', '106', '29', '3565', '2530.06'),
('272', '106', '29', '3548', '2680.06'),
('273', '106', '29', '3545', '2530.06'),
('274', '107', '47', '5808', '1987.7'),
('275', '107', '47', '5805', '2087.7'),
('276', '107', '47', '5875', '2087.7'),
('277', '107', '47', '5877', '1987.7'),
('278', '108', '38', '4530', '2393.99'),
('279', '108', '38', '4625', '2543.99'),
('280', '109', '15', '1811', '2131.02'),
('281', '109', '15', '1824', '2231.02'),
('282', '110', '54', '6621', '702.13'),
('283', '110', '54', '6646', '702.13'),
('284', '111', '53', '6520', '2207.62'),
('285', '112', '38', '4685', '2343.99'),
('286', '113', '26', '3247', '2288.8'),
('287', '114', '10', '1342', '2424.94'),
('288', '115', '32', '3911', '1679.32'),
('289', '116', '59', '7064', '1566.07'),
('290', '116', '59', '7120', '1566.07'),
('291', '116', '59', '7065', '1616.07'),
('292', '117', '51', '6344', '2276.61'),
('293', '118', '2', '232', '692.51'),
('294', '118', '2', '254', '592.51'),
('295', '118', '2', '263', '692.51'),
('296', '119', '44', '5514', '2921.99'),
('297', '119', '44', '5498', '2821.99'),
('298', '119', '44', '5503', '2921.99'),
('299', '119', '44', '5520', '3021.99'),
('300', '120', '4', '588', '2602.9'),
('301', '121', '38', '4560', '2443.99'),
('302', '121', '38', '4656', '2443.99'),
('303', '121', '38', '4647', '2543.99'),
('304', '121', '38', '4620', '2443.99'),
('305', '122', '28', '3446', '2741.29'),
('306', '123', '50', '6275', '1199.26'),
('307', '123', '50', '6261', '1149.26'),
('308', '123', '50', '6278', '1199.26'),
('309', '124', '60', '7165', '1149.94'),
('310', '124', '60', '7189', '1149.94'),
('311', '124', '60', '7217', '1049.94'),
('312', '125', '22', '2826', '586.08'),
('313', '125', '22', '2769', '636.08'),
('314', '126', '40', '4928', '1330.85'),
('315', '126', '40', '4925', '1430.85'),
('316', '127', '51', '6314', '2326.61'),
('317', '128', '1', '180', '783.28'),
('318', '129', '5', '789', '2929.29'),
('319', '130', '11', '1454', '1286.04'),
('320', '130', '11', '1397', '1336.04'),
('321', '131', '51', '6323', '2426.61'),
('322', '131', '51', '6337', '2326.61'),
('323', '132', '1', '66', '883.28'),
('324', '132', '1', '173', '883.28'),
('325', '133', '7', '1085', '2265.99'),
('326', '133', '7', '1031', '2265.99'),
('327', '133', '7', '1049', '2315.99'),
('328', '133', '7', '1006', '2365.99'),
('329', '134', '12', '1537', '549.44'),
('330', '135', '17', '2122', '204.68'),
('331', '136', '22', '2829', '736.08'),
('332', '136', '22', '2676', '536.08'),
('333', '136', '22', '2792', '736.08'),
('334', '137', '3', '574', '492.59'),
('335', '137', '3', '529', '492.59'),
('336', '137', '3', '564', '592.5899999999999'),
('337', '137', '3', '445', '492.59'),
('338', '138', '19', '2291', '1163.6'),
('339', '138', '19', '2372', '1113.6'),
('340', '138', '19', '2379', '1313.6'),
('341', '138', '19', '2289', '1113.6'),
('342', '139', '16', '2027', '471.65'),
('343', '139', '16', '2001', '571.65'),
('344', '140', '9', '1280', '2022.01'),
('345', '141', '41', '5071', '719.28'),
('346', '141', '41', '5065', '719.28'),
('347', '141', '41', '5106', '569.28'),
('348', '141', '41', '5042', '569.28'),
('349', '142', '52', '6467', '2870.95'),
('350', '143', '55', '6719', '1177.24'),
('351', '143', '55', '6733', '1177.24'),
('352', '143', '55', '6715', '1177.24'),
('353', '143', '55', '6718', '1177.24'),
('354', '144', '47', '5903', '1937.7'),
('355', '144', '47', '5785', '1937.7'),
('356', '144', '47', '5814', '1937.7'),
('357', '144', '47', '5857', '1987.7'),
('358', '145', '10', '1332', '2424.94'),
('359', '145', '10', '1373', '2374.94'),
('360', '145', '10', '1354', '2374.94'),
('361', '146', '30', '3656', '1142.16'),
('362', '146', '30', '3632', '1192.16'),
('363', '147', '41', '5036', '719.28'),
('364', '147', '41', '5038', '619.28'),
('365', '148', '25', '3118', '895.93'),
('366', '148', '25', '3020', '895.93'),
('367', '148', '25', '3048', '1095.9299999999998'),
('368', '148', '25', '3076', '895.93'),
('369', '149', '30', '3683', '1142.16'),
('370', '150', '11', '1381', '1286.04'),
('371', '151', '45', '5602', '2317.37'),
('372', '151', '45', '5587', '2317.37'),
('373', '151', '45', '5610', '2267.37'),
('374', '151', '45', '5593', '2267.37'),
('375', '152', '49', '6048', '1648.47'),
('376', '153', '19', '2318', '1213.6'),
('377', '153', '19', '2417', '1313.6'),
('378', '153', '19', '2333', '1113.6'),
('379', '154', '57', '6955', '696.0799999999999'),
('380', '154', '57', '6933', '596.0799999999999'),
('381', '154', '57', '6949', '696.0799999999999'),
('382', '154', '57', '6940', '496.08'),
('383', '155', '15', '1879', '2331.02'),
('384', '155', '15', '1898', '2131.02'),
('385', '156', '3', '398', '592.5899999999999'),
('386', '157', '2', '273', '542.51'),
('387', '157', '2', '310', '692.51'),
('388', '158', '23', '2875', '1914.86'),
('389', '158', '23', '2902', '1914.86'),
('390', '158', '23', '2872', '2014.86'),
('391', '159', '57', '6938', '546.0799999999999'),
('392', '160', '58', '6995', '1813.84'),
('393', '161', '18', '2130', '1176.47'),
('394', '161', '18', '2224', '1276.47'),
('395', '162', '28', '3387', '2841.29'),
('396', '163', '2', '388', '592.51'),
('397', '163', '2', '209', '492.51'),
('398', '163', '2', '282', '492.51'),
('399', '163', '2', '257', '492.51'),
('400', '164', '5', '661', '2929.29'),
('401', '165', '10', '1372', '2374.94'),
('402', '166', '27', '3321', '2450.07'),
('403', '167', '11', '1385', '1336.04'),
('404', '168', '39', '4881', '470.87'),
('405', '168', '39', '4854', '370.87'),
('406', '168', '39', '4735', '370.87'),
('407', '169', '45', '5573', '2317.37'),
('408', '169', '45', '5570', '2267.37'),
('409', '170', '59', '7106', '1516.07'),
('410', '170', '59', '7092', '1616.07'),
('411', '170', '59', '7128', '1716.07'),
('412', '170', '59', '7123', '1716.07'),
('413', '171', '6', '907', '2001.75'),
('414', '171', '6', '874', '2101.75'),
('415', '172', '43', '5443', '1710.24'),
('416', '173', '27', '3323', '2450.07'),
('417', '173', '27', '3344', '2450.07'),
('418', '174', '9', '1266', '2022.01'),
('419', '174', '9', '1301', '2022.01'),
('420', '174', '9', '1298', '1972.01'),
('421', '175', '49', '6078', '1548.47'),
('422', '175', '49', '6028', '1548.47'),
('423', '176', '43', '5436', '1610.24'),
('424', '176', '43', '5406', '1710.24'),
('425', '176', '43', '5336', '1660.24'),
('426', '177', '12', '1493', '649.44'),
('427', '178', '24', '2943', '2686.22'),
('428', '179', '9', '1314', '2022.01'),
('429', '179', '9', '1284', '2022.01'),
('430', '180', '27', '3325', '2550.07'),
('431', '181', '15', '1827', '2331.02'),
('432', '181', '15', '1976', '2131.02'),
('433', '181', '15', '1838', '2331.02'),
('434', '181', '15', '1942', '2231.02'),
('435', '182', '24', '2934', '2636.22'),
('436', '182', '24', '2979', '2636.22'),
('437', '182', '24', '2984', '2636.22'),
('438', '183', '6', '871', '2101.75'),
('439', '183', '6', '917', '1901.75'),
('440', '184', '29', '3536', '2480.06'),
('441', '185', '54', '6666', '652.13'),
('442', '185', '54', '6625', '602.13'),
('443', '186', '54', '6583', '802.13'),
('444', '186', '54', '6691', '602.13'),
('445', '186', '54', '6686', '702.13'),
('446', '187', '16', '2005', '421.65'),
('447', '188', '46', '5703', '440.4'),
('448', '189', '51', '6293', '2326.61'),
('449', '190', '9', '1312', '2072.01'),
('450', '191', '14', '1734', '1569.5'),
('451', '191', '14', '1753', '1619.5'),
('452', '191', '14', '1679', '1619.5'),
('453', '191', '14', '1692', '1569.5'),
('454', '192', '20', '2453', '1585.29'),
('455', '193', '10', '1327', '2374.94'),
('456', '193', '10', '1323', '2474.94'),
('457', '193', '10', '1373', '2374.94'),
('458', '194', '29', '3558', '2680.06'),
('459', '194', '29', '3490', '2680.06'),
('460', '194', '29', '3473', '2680.06'),
('461', '194', '29', '3513', '2580.06'),
('462', '195', '43', '5305', '1710.24'),
('463', '195', '43', '5457', '1610.24'),
('464', '195', '43', '5408', '1660.24'),
('465', '195', '43', '5338', '1610.24'),
('466', '196', '55', '6744', '1227.24'),
('467', '196', '55', '6701', '1227.24'),
('468', '197', '36', '4349', '1441.7'),
('469', '198', '57', '6921', '696.0799999999999'),
('470', '199', '8', '1214', '2268.18'),
('471', '199', '8', '1113', '2268.18'),
('472', '200', '46', '5667', '440.4'),
('473', '200', '46', '5741', '340.4'),
('474', '201', '59', '7059', '1716.07'),
('475', '201', '59', '7123', '1716.07'),
('476', '202', '23', '2886', '1964.86'),
('477', '202', '23', '2876', '2014.86'),
('478', '202', '23', '2839', '1964.86'),
('479', '203', '2', '333', '542.51'),
('480', '204', '21', '2638', '2139.81'),
('481', '204', '21', '2531', '2239.81'),
('482', '205', '56', '6747', '2808.03'),
('483', '205', '56', '6877', '2958.03'),
('484', '205', '56', '6872', '2958.03'),
('485', '206', '51', '6330', '2226.61'),
('486', '206', '51', '6344', '2276.61'),
('487', '207', '36', '4345', '1291.7'),
('488', '208', '54', '6649', '802.13'),
('489', '209', '57', '6949', '696.0799999999999'),
('490', '209', '57', '6920', '596.0799999999999'),
('491', '209', '57', '6947', '596.0799999999999'),
('492', '210', '24', '2915', '2636.22'),
('493', '210', '24', '3007', '2636.22'),
('494', '211', '46', '5656', '440.4'),
('495', '211', '46', '5713', '540.4'),
('496', '212', '10', '1345', '2374.94'),
('497', '212', '10', '1340', '2574.94'),
('498', '213', '28', '3421', '2641.29'),
('499', '213', '28', '3433', '2841.29'),
('500', '213', '28', '3406', '2741.29'),
('501', '214', '18', '2173', '1176.47'),
('502', '215', '25', '3127', '995.93'),
('503', '215', '25', '3064', '1095.9299999999998'),
('504', '215', '25', '3022', '1095.9299999999998'),
('505', '215', '25', '3027', '945.93'),
('506', '216', '37', '4477', '355.38'),
('507', '216', '37', '4434', '355.38'),
('508', '216', '37', '4466', '505.38'),
('509', '217', '15', '1842', '2231.02'),
('510', '217', '15', '1863', '2181.02'),
('511', '217', '15', '1870', '2181.02'),
('512', '218', '13', '1611', '606.81'),
('513', '218', '13', '1607', '556.81'),
('514', '219', '42', '5235', '1682.99'),
('515', '219', '42', '5136', '1582.99'),
('516', '219', '42', '5256', '1632.99'),
('517', '220', '5', '786', '2979.29'),
('518', '220', '5', '752', '2929.29'),
('519', '220', '5', '663', '3029.29'),
('520', '221', '57', '6914', '696.0799999999999'),
('521', '221', '57', '6931', '696.0799999999999'),
('522', '221', '57', '6928', '696.0799999999999'),
('523', '221', '57', '6953', '546.0799999999999'),
('524', '222', '21', '2570', '2139.81'),
('525', '222', '21', '2582', '2189.81'),
('526', '222', '21', '2650', '2189.81'),
('527', '222', '21', '2598', '2189.81'),
('528', '223', '38', '4633', '2443.99'),
('529', '223', '38', '4675', '2343.99'),
('530', '223', '38', '4576', '2343.99'),
('531', '223', '38', '4660', '2443.99'),
('532', '224', '60', '7199', '949.94'),
('533', '224', '60', '7251', '1049.94'),
('534', '225', '16', '2032', '371.65'),
('535', '225', '16', '2031', '371.65'),
('536', '225', '16', '2056', '571.65'),
('537', '225', '16', '2040', '571.65'),
('538', '226', '52', '6469', '2870.95'),
('539', '227', '29', '3500', '2580.06'),
('540', '227', '29', '3459', '2530.06'),
('541', '228', '7', '1035', '2365.99'),
('542', '228', '7', '1029', '2265.99'),
('543', '228', '7', '1068', '2315.99'),
('544', '228', '7', '974', '2365.99'),
('545', '229', '32', '3927', '1729.32'),
('546', '229', '32', '3906', '1679.32'),
('547', '230', '5', '715', '3129.29'),
('548', '230', '5', '651', '3029.29'),
('549', '230', '5', '653', '3029.29'),
('550', '231', '20', '2507', '1385.29'),
('551', '231', '20', '2437', '1585.29'),
('552', '231', '20', '2477', '1385.29'),
('553', '231', '20', '2471', '1585.29'),
('554', '232', '31', '3867', '1345.91'),
('555', '233', '14', '1662', '1519.5'),
('556', '233', '14', '1765', '1719.5'),
('557', '233', '14', '1799', '1569.5'),
('558', '233', '14', '1655', '1619.5'),
('559', '234', '55', '6717', '1127.24'),
('560', '234', '55', '6739', '1127.24'),
('561', '235', '10', '1334', '2424.94'),
('562', '235', '10', '1371', '2474.94'),
('563', '236', '37', '4518', '305.38'),
('564', '236', '37', '4509', '405.38'),
('565', '236', '37', '4457', '405.38'),
('566', '236', '37', '4512', '305.38'),
('567', '237', '27', '3345', '2350.07'),
('568', '238', '24', '2951', '2636.22'),
('569', '238', '24', '2997', '2736.22'),
('570', '238', '24', '3000', '2736.22'),
('571', '239', '34', '4157', '2221.34'),
('572', '239', '34', '4252', '2221.34'),
('573', '239', '34', '4224', '2421.34'),
('574', '239', '34', '4173', '2271.34'),
('575', '240', '3', '475', '592.5899999999999'),
('576', '240', '3', '563', '592.5899999999999'),
('577', '240', '3', '520', '692.5899999999999'),
('578', '240', '3', '461', '692.5899999999999'),
('579', '241', '30', '3668', '1342.16'),
('580', '241', '30', '3707', '1342.16'),
('581', '241', '30', '3612', '1142.16'),
('582', '241', '30', '3641', '1142.16'),
('583', '242', '11', '1435', '1486.04'),
('584', '242', '11', '1386', '1336.04'),
('585', '243', '41', '5093', '619.28'),
('586', '243', '41', '5058', '719.28'),
('587', '243', '41', '5031', '719.28'),
('588', '244', '5', '781', '3129.29'),
('589', '244', '5', '671', '2929.29'),
('590', '245', '5', '691', '3129.29'),
('591', '245', '5', '771', '2929.29'),
('592', '245', '5', '769', '2979.29'),
('593', '245', '5', '678', '3129.29'),
('594', '246', '45', '5619', '2367.37'),
('595', '246', '45', '5616', '2467.37'),
('596', '246', '45', '5600', '2267.37'),
('597', '247', '31', '3765', '1245.91'),
('598', '247', '31', '3866', '1345.91'),
('599', '247', '31', '3889', '1345.91'),
('600', '247', '31', '3871', '1345.91'),
('601', '248', '31', '3740', '1145.91'),
('602', '248', '31', '3884', '1345.91'),
('603', '248', '31', '3810', '1195.91'),
('604', '249', '24', '2955', '2836.22'),
('605', '249', '24', '2940', '2636.22'),
('606', '250', '59', '7050', '1516.07'),
('607', '250', '59', '7070', '1716.07'),
('608', '250', '59', '7095', '1516.07'),
('609', '250', '59', '7096', '1566.07'),
('610', '251', '25', '3092', '895.93'),
('611', '251', '25', '3120', '895.93'),
('612', '251', '25', '3020', '895.93'),
('613', '251', '25', '3070', '1095.9299999999998'),
('614', '252', '20', '2482', '1385.29'),
('615', '252', '20', '2496', '1585.29'),
('616', '252', '20', '2452', '1385.29'),
('617', '252', '20', '2471', '1585.29'),
('618', '253', '29', '3545', '2530.06'),
('619', '253', '29', '3542', '2480.06'),
('620', '253', '29', '3495', '2530.06'),
('621', '254', '28', '3381', '2641.29'),
('622', '254', '28', '3411', '2691.29'),
('623', '255', '2', '298', '692.51'),
('624', '255', '2', '236', '692.51'),
('625', '255', '2', '343', '592.51'),
('626', '255', '2', '235', '492.51'),
('627', '256', '31', '3779', '1345.91'),
('628', '256', '31', '3775', '1145.91'),
('629', '257', '19', '2371', '1213.6'),
('630', '257', '19', '2306', '1313.6'),
('631', '257', '19', '2358', '1213.6'),
('632', '258', '54', '6604', '802.13'),
('633', '258', '54', '6638', '802.13'),
('634', '258', '54', '6682', '602.13'),
('635', '258', '54', '6589', '802.13'),
('636', '259', '18', '2283', '1276.47'),
('637', '259', '18', '2259', '1176.47'),
('638', '259', '18', '2134', '1176.47'),
('639', '259', '18', '2265', '1276.47'),
('640', '260', '22', '2734', '736.08'),
('641', '260', '22', '2815', '736.08'),
('642', '260', '22', '2830', '636.08'),
('643', '261', '15', '1959', '2331.02'),
('644', '261', '15', '1870', '2181.02'),
('645', '261', '15', '1861', '2331.02'),
('646', '262', '33', '4081', '2645.16'),
('647', '262', '33', '4099', '2445.16'),
('648', '262', '33', '4112', '2445.16'),
('649', '262', '33', '4136', '2495.16'),
('650', '263', '10', '1359', '2574.94'),
('651', '263', '10', '1330', '2424.94'),
('652', '264', '8', '1153', '2218.18'),
('653', '264', '8', '1200', '2218.18'),
('654', '264', '8', '1265', '2168.18'),
('655', '265', '53', '6548', '2207.62'),
('656', '265', '53', '6562', '2357.62'),
('657', '265', '53', '6549', '2157.62'),
('658', '265', '53', '6530', '2257.62'),
('659', '266', '40', '5011', '1430.85'),
('660', '266', '40', '4969', '1330.85'),
('661', '266', '40', '4995', '1380.85'),
('662', '267', '44', '5553', '3021.99'),
('663', '267', '44', '5518', '2871.99'),
('664', '268', '41', '5113', '719.28'),
('665', '268', '41', '5030', '719.28'),
('666', '268', '41', '5050', '519.28'),
('667', '269', '6', '953', '2001.75'),
('668', '270', '50', '6167', '1299.26'),
('669', '271', '16', '2018', '571.65'),
('670', '271', '16', '2022', '471.65'),
('671', '271', '16', '2026', '421.65'),
('672', '271', '16', '2016', '471.65'),
('673', '272', '34', '4194', '2221.34'),
('674', '272', '34', '4228', '2221.34'),
('675', '273', '13', '1590', '556.81'),
('676', '273', '13', '1631', '706.81'),
('677', '273', '13', '1608', '556.81'),
('678', '273', '13', '1604', '706.81'),
('679', '274', '12', '1530', '649.44'),
('680', '274', '12', '1519', '549.44'),
('681', '274', '12', '1513', '449.44'),
('682', '274', '12', '1463', '549.44'),
('683', '275', '44', '5491', '2821.99'),
('684', '275', '44', '5509', '3021.99'),
('685', '276', '13', '1616', '556.81'),
('686', '276', '13', '1618', '506.81'),
('687', '277', '48', '5970', '2107.57'),
('688', '277', '48', '5928', '2057.57'),
('689', '278', '43', '5356', '1660.24'),
('690', '279', '30', '3701', '1142.16'),
('691', '279', '30', '3660', '1242.16'),
('692', '279', '30', '3706', '1192.16'),
('693', '279', '30', '3608', '1192.16'),
('694', '280', '59', '7057', '1516.07'),
('695', '280', '59', '7122', '1516.07'),
('696', '281', '7', '984', '2465.99'),
('697', '282', '15', '1905', '2231.02'),
('698', '282', '15', '1926', '2181.02'),
('699', '283', '48', '5942', '2157.57'),
('700', '284', '56', '6821', '2958.03'),
('701', '284', '56', '6800', '2758.03'),
('702', '284', '56', '6857', '2808.03'),
('703', '284', '56', '6778', '2808.03'),
('704', '285', '32', '4010', '1629.32'),
('705', '285', '32', '3974', '1729.32'),
('706', '286', '4', '607', '2802.9'),
('707', '286', '4', '622', '2802.9'),
('708', '287', '5', '680', '2929.29'),
('709', '287', '5', '797', '3129.29'),
('710', '287', '5', '783', '2979.29'),
('711', '288', '52', '6405', '2920.95'),
('712', '288', '52', '6458', '2920.95'),
('713', '289', '24', '2949', '2686.22'),
('714', '290', '28', '3442', '2841.29'),
('715', '290', '28', '3430', '2841.29'),
('716', '291', '8', '1205', '2168.18'),
('717', '291', '8', '1262', '2368.18'),
('718', '291', '8', '1258', '2268.18'),
('719', '292', '41', '5082', '619.28'),
('720', '292', '41', '5045', '569.28'),
('721', '292', '41', '5085', '569.28'),
('722', '293', '11', '1438', '1286.04'),
('723', '293', '11', '1402', '1486.04'),
('724', '293', '11', '1424', '1386.04'),
('725', '293', '11', '1397', '1336.04'),
('726', '294', '20', '2492', '1485.29'),
('727', '294', '20', '2472', '1485.29'),
('728', '294', '20', '2427', '1585.29'),
('729', '295', '59', '7049', '1616.07'),
('730', '295', '59', '7069', '1516.07'),
('731', '296', '21', '2591', '2339.81'),
('732', '296', '21', '2599', '2139.81'),
('733', '296', '21', '2613', '2239.81'),
('734', '296', '21', '2616', '2239.81'),
('735', '297', '7', '1097', '2315.99'),
('736', '297', '7', '1002', '2315.99'),
('737', '298', '54', '6638', '802.13'),
('738', '299', '60', '7244', '999.94'),
('739', '300', '37', '4518', '305.38'),
('740', '300', '37', '4505', '355.38'),
('741', '300', '37', '4512', '305.38'),
('742', '301', '11', '1390', '1486.04'),
('743', '302', '34', '4196', '2321.34'),
('744', '302', '34', '4240', '2421.34'),
('745', '302', '34', '4187', '2221.34'),
('746', '303', '18', '2154', '1226.47'),
('747', '304', '48', '5927', '2257.57'),
('748', '304', '48', '5924', '2157.57'),
('749', '305', '59', '7083', '1616.07'),
('750', '306', '24', '3004', '2836.22'),
('751', '306', '24', '2962', '2686.22'),
('752', '306', '24', '2928', '2636.22'),
('753', '307', '27', '3358', '2450.07'),
('754', '307', '27', '3302', '2550.07'),
('755', '307', '27', '3301', '2350.07'),
('756', '307', '27', '3323', '2450.07'),
('757', '308', '39', '4862', '370.87'),
('758', '308', '39', '4875', '270.87'),
('759', '308', '39', '4898', '270.87'),
('760', '309', '43', '5425', '1710.24'),
('761', '310', '46', '5717', '390.4'),
('762', '311', '5', '783', '2979.29'),
('763', '311', '5', '780', '3029.29'),
('764', '312', '39', '4836', '320.87'),
('765', '312', '39', '4905', '270.87'),
('766', '313', '41', '5053', '519.28'),
('767', '313', '41', '5028', '569.28'),
('768', '313', '41', '5034', '569.28'),
('769', '313', '41', '5103', '619.28'),
('770', '314', '7', '1066', '2265.99'),
('771', '314', '7', '1040', '2365.99'),
('772', '315', '14', '1673', '1519.5'),
('773', '316', '18', '2168', '1176.47'),
('774', '317', '6', '834', '2001.75'),
('775', '317', '6', '815', '2001.75'),
('776', '317', '6', '950', '1951.75'),
('777', '318', '58', '7039', '1863.84'),
('778', '318', '58', '6977', '1813.84'),
('779', '319', '47', '5872', '2087.7'),
('780', '319', '47', '5874', '2087.7'),
('781', '319', '47', '5877', '1987.7'),
('782', '319', '47', '5896', '1937.7'),
('783', '320', '5', '671', '2929.29'),
('784', '320', '5', '736', '2979.29'),
('785', '321', '23', '2898', '2114.8599999999997'),
('786', '321', '23', '2848', '2114.8599999999997'),
('787', '321', '23', '2868', '2114.8599999999997'),
('788', '321', '23', '2908', '1914.86'),
('789', '322', '55', '6703', '1127.24'),
('790', '322', '55', '6726', '1177.24'),
('791', '322', '55', '6742', '1127.24'),
('792', '322', '55', '6706', '1227.24'),
('793', '323', '44', '5473', '2871.99'),
('794', '323', '44', '5556', '3021.99'),
('795', '324', '52', '6487', '2920.95'),
('796', '324', '52', '6451', '2920.95'),
('797', '325', '37', '4479', '405.38'),
('798', '325', '37', '4425', '305.38'),
('799', '325', '37', '4480', '505.38'),
('800', '325', '37', '4429', '505.38'),
('801', '326', '29', '3528', '2480.06'),
('802', '327', '3', '507', '592.5899999999999'),
('803', '328', '57', '6926', '596.0799999999999'),
('804', '328', '57', '6936', '496.08'),
('805', '328', '57', '6959', '696.0799999999999'),
('806', '329', '8', '1122', '2268.18'),
('807', '329', '8', '1225', '2268.18'),
('808', '329', '8', '1181', '2268.18'),
('809', '330', '55', '6702', '1177.24'),
('810', '331', '15', '1959', '2331.02'),
('811', '332', '58', '7000', '1813.84'),
('812', '332', '58', '6998', '1963.84'),
('813', '333', '17', '2087', '204.68'),
('814', '333', '17', '2068', '304.68'),
('815', '333', '17', '2124', '404.68'),
('816', '333', '17', '2113', '404.68'),
('817', '334', '37', '4490', '505.38'),
('818', '334', '37', '4492', '405.38'),
('819', '334', '37', '4488', '505.38'),
('820', '334', '37', '4460', '505.38'),
('821', '335', '16', '2048', '471.65'),
('822', '335', '16', '2011', '421.65'),
('823', '335', '16', '2043', '371.65'),
('824', '335', '16', '2008', '571.65'),
('825', '336', '56', '6784', '2958.03'),
('826', '337', '49', '6034', '1548.47'),
('827', '337', '49', '6100', '1448.47'),
('828', '338', '6', '905', '2101.75'),
('829', '338', '6', '952', '2101.75'),
('830', '338', '6', '892', '2001.75'),
('831', '339', '1', '18', '783.28'),
('832', '339', '1', '125', '883.28'),
('833', '339', '1', '12', '883.28'),
('834', '340', '11', '1374', '1336.04'),
('835', '341', '34', '4203', '2421.34'),
('836', '341', '34', '4187', '2221.34'),
('837', '341', '34', '4196', '2321.34'),
('838', '342', '23', '2872', '2014.86'),
('839', '342', '23', '2857', '2114.8599999999997'),
('840', '342', '23', '2874', '2114.8599999999997'),
('841', '342', '23', '2837', '1914.86'),
('842', '343', '42', '5210', '1582.99'),
('843', '343', '42', '5122', '1782.99'),
('844', '343', '42', '5155', '1582.99'),
('845', '343', '42', '5180', '1632.99'),
('846', '344', '31', '3871', '1345.91'),
('847', '344', '31', '3804', '1245.91'),
('848', '344', '31', '3819', '1345.91'),
('849', '344', '31', '3736', '1245.91'),
('850', '345', '2', '387', '542.51'),
('851', '345', '2', '257', '492.51'),
('852', '346', '41', '5029', '619.28'),
('853', '346', '41', '5043', '519.28'),
('854', '346', '41', '5052', '569.28'),
('855', '346', '41', '5040', '569.28'),
('856', '347', '36', '4357', '1441.7'),
('857', '347', '36', '4403', '1341.7'),
('858', '347', '36', '4380', '1241.7'),
('859', '347', '36', '4399', '1291.7'),
('860', '348', '46', '5742', '390.4'),
('861', '349', '19', '2312', '1113.6'),
('862', '349', '19', '2300', '1313.6'),
('863', '350', '22', '2717', '736.08'),
('864', '350', '22', '2777', '736.08'),
('865', '350', '22', '2698', '586.08'),
('866', '351', '57', '6949', '696.0799999999999'),
('867', '352', '57', '6931', '696.0799999999999'),
('868', '352', '57', '6948', '596.0799999999999'),
('869', '352', '57', '6929', '696.0799999999999'),
('870', '352', '57', '6917', '496.08'),
('871', '353', '39', '4842', '470.87'),
('872', '354', '28', '3419', '2741.29'),
('873', '354', '28', '3441', '2641.29'),
('874', '355', '44', '5461', '2921.99'),
('875', '355', '44', '5459', '3021.99'),
('876', '355', '44', '5532', '2871.99'),
('877', '355', '44', '5482', '2921.99'),
('878', '356', '35', '4333', '2404.01'),
('879', '357', '13', '1601', '556.81'),
('880', '357', '13', '1619', '506.81'),
('881', '357', '13', '1616', '556.81'),
('882', '357', '13', '1618', '506.81'),
('883', '358', '14', '1731', '1519.5'),
('884', '358', '14', '1719', '1619.5'),
('885', '358', '14', '1754', '1569.5'),
('886', '359', '4', '593', '2802.9'),
('887', '359', '4', '600', '2802.9'),
('888', '360', '44', '5531', '2821.99'),
('889', '360', '44', '5469', '2821.99'),
('890', '360', '44', '5475', '2821.99'),
('891', '361', '49', '6125', '1548.47'),
('892', '361', '49', '6075', '1648.47'),
('893', '361', '49', '6056', '1648.47'),
('894', '362', '4', '587', '2652.9'),
('895', '362', '4', '595', '2602.9'),
('896', '363', '32', '4021', '1679.32'),
('897', '363', '32', '4015', '1829.32'),
('898', '363', '32', '3917', '1829.32'),
('899', '363', '32', '3998', '1629.32'),
('900', '364', '29', '3524', '2580.06'),
('901', '365', '35', '4321', '2404.01'),
('902', '365', '35', '4301', '2304.01'),
('903', '365', '35', '4327', '2304.01'),
('904', '365', '35', '4334', '2504.01'),
('905', '366', '26', '3286', '2288.8'),
('906', '366', '26', '3194', '2188.8'),
('907', '366', '26', '3230', '2088.8'),
('908', '366', '26', '3182', '2188.8'),
('909', '367', '34', '4238', '2421.34'),
('910', '367', '34', '4247', '2271.34'),
('911', '368', '30', '3685', '1192.16'),
('912', '368', '30', '3662', '1142.16'),
('913', '368', '30', '3651', '1142.16'),
('914', '369', '50', '6235', '1149.26'),
('915', '369', '50', '6225', '1199.26'),
('916', '370', '60', '7188', '949.94'),
('917', '370', '60', '7203', '1149.94'),
('918', '370', '60', '7131', '999.94'),
('919', '370', '60', '7211', '1149.94'),
('920', '371', '33', '4137', '2645.16'),
('921', '371', '33', '4142', '2445.16'),
('922', '372', '49', '5996', '1448.47'),
('923', '372', '49', '6036', '1498.47'),
('924', '372', '49', '6110', '1648.47'),
('925', '372', '49', '6071', '1548.47'),
('926', '373', '38', '4665', '2343.99'),
('927', '373', '38', '4662', '2393.99'),
('928', '373', '38', '4653', '2343.99'),
('929', '373', '38', '4584', '2393.99'),
('930', '374', '6', '861', '1951.75'),
('931', '374', '6', '810', '1951.75'),
('932', '374', '6', '830', '2001.75'),
('933', '375', '41', '5074', '519.28'),
('934', '375', '41', '5102', '619.28'),
('935', '375', '41', '5061', '569.28'),
('936', '376', '59', '7129', '1516.07'),
('937', '376', '59', '7108', '1616.07'),
('938', '377', '54', '6645', '602.13'),
('939', '377', '54', '6655', '702.13'),
('940', '378', '57', '6956', '596.0799999999999'),
('941', '378', '57', '6948', '596.0799999999999'),
('942', '379', '11', '1417', '1386.04'),
('943', '379', '11', '1414', '1486.04'),
('944', '379', '11', '1432', '1486.04'),
('945', '380', '3', '573', '692.5899999999999'),
('946', '380', '3', '481', '692.5899999999999'),
('947', '380', '3', '531', '592.5899999999999'),
('948', '381', '49', '6115', '1548.47'),
('949', '381', '49', '6009', '1548.47'),
('950', '381', '49', '6098', '1498.47'),
('951', '381', '49', '6093', '1448.47'),
('952', '382', '47', '5874', '2087.7'),
('953', '382', '47', '5807', '1887.7'),
('954', '382', '47', '5846', '1987.7'),
('955', '382', '47', '5845', '1887.7'),
('956', '383', '34', '4256', '2421.34'),
('957', '384', '22', '2814', '536.08'),
('958', '384', '22', '2721', '586.08'),
('959', '385', '13', '1605', '706.81'),
('960', '385', '13', '1635', '706.81'),
('961', '385', '13', '1613', '556.81'),
('962', '385', '13', '1633', '556.81'),
('963', '386', '42', '5175', '1632.99'),
('964', '386', '42', '5236', '1682.99'),
('965', '386', '42', '5207', '1682.99'),
('966', '387', '2', '290', '592.51'),
('967', '388', '19', '2289', '1113.6'),
('968', '389', '17', '2066', '204.68'),
('969', '390', '41', '5090', '719.28'),
('970', '391', '48', '5951', '2057.57'),
('971', '391', '48', '5944', '2157.57'),
('972', '391', '48', '5937', '2157.57'),
('973', '392', '28', '3397', '2841.29'),
('974', '392', '28', '3413', '2741.29'),
('975', '393', '48', '5988', '2257.57'),
('976', '393', '48', '5962', '2107.57'),
('977', '394', '35', '4310', '2404.01'),
('978', '394', '35', '4318', '2504.01'),
('979', '395', '21', '2627', '2189.81'),
('980', '395', '21', '2595', '2189.81'),
('981', '395', '21', '2626', '2239.81'),
('982', '396', '55', '6724', '1327.24'),
('983', '396', '55', '6733', '1177.24'),
('984', '396', '55', '6719', '1177.24'),
('985', '397', '1', '194', '883.28'),
('986', '398', '15', '1955', '2231.02'),
('987', '398', '15', '1953', '2181.02'),
('988', '398', '15', '1945', '2181.02'),
('989', '398', '15', '1967', '2181.02'),
('990', '399', '55', '6714', '1227.24'),
('991', '399', '55', '6741', '1127.24'),
('992', '399', '55', '6743', '1127.24'),
('993', '399', '55', '6731', '1227.24'),
('994', '400', '48', '5973', '2257.57'),
('995', '400', '48', '5967', '2257.57');

/* payments */
INSERT INTO payments ("payment_id", "order_id", "amount", "method", "status", "reference", "created_at") VALUES
('1', '1', '940.73', 'NETBANKING', 'SUCCESS', 'ETP20251003-I05Y7A', '2024-01-28 22:06:21'),
('2', '2', '615.38', 'NETBANKING', 'SUCCESS', 'ETP20251003-5R6RCH', '2024-08-19 00:55:20'),
('3', '3', '3004.78', 'NETBANKING', 'SUCCESS', 'ETP20251003-M9RH04', '2024-01-24 20:34:17'),
('4', '4', '7269.0', 'NETBANKING', 'SUCCESS', 'ETP20251003-9GQLVS', '2023-02-20 22:06:10'),
('5', '5', '10317.26', 'UPI', 'SUCCESS', 'ETP20251003-JFSXF1', '2024-09-07 17:11:16'),
('6', '6', '425.65', 'CARD', 'SUCCESS', 'ETP20251003-TVRNJ5', '2024-08-02 22:31:28'),
('7', '7', '9265.28', 'UPI', 'PENDING', 'ETP20251003-IRBQTJ', '2023-01-04 14:31:28'),
('8', '8', '6796.35', 'WALLET', 'PENDING', 'ETP20251003-8WNGD3', '2023-10-26 09:07:31'),
('9', '9', '7638.56', 'WALLET', 'FAILED', 'ETP20251003-FKA60P', '2023-10-03 07:28:50'),
('10', '10', '8859.94', 'WALLET', 'FAILED', 'ETP20251003-JRIAKG', '2024-06-12 05:43:45'),
('11', '11', '3146.79', 'UPI', 'SUCCESS', 'ETP20251003-AZWD1T', '2025-05-25 00:51:12'),
('12', '12', '2190.93', 'CARD', 'SUCCESS', 'ETP20251003-CK3PRX', '2023-07-17 16:07:34'),
('13', '13', '1664.55', 'WALLET', 'FAILED', 'ETP20251003-XF6PH9', '2024-10-28 12:19:17'),
('14', '14', '742.15', 'WALLET', 'PENDING', 'ETP20251003-YUFT7I', '2025-06-24 15:21:55'),
('15', '15', '4227.8', 'WALLET', 'FAILED', 'ETP20251003-3VQQR6', '2025-06-17 12:00:23'),
('16', '16', '8994.27', 'UPI', 'FAILED', 'ETP20251003-TWTZNV', '2023-02-23 18:22:23'),
('17', '17', '667.88', 'CARD', 'SUCCESS', 'ETP20251003-NFB6JC', '2025-04-05 14:04:30'),
('18', '18', '2436.04', 'UPI', 'SUCCESS', 'ETP20251003-SBTZE0', '2024-05-06 21:13:43'),
('19', '19', '1125.77', 'NETBANKING', 'PENDING', 'ETP20251003-YUUEUB', '2025-01-26 19:45:42'),
('20', '20', '2475.5', 'UPI', 'SUCCESS', 'ETP20251003-3806Y4', '2024-08-06 04:18:56'),
('21', '21', '1557.65', 'NETBANKING', 'SUCCESS', 'ETP20251003-5RA76T', '2024-02-12 00:49:46'),
('22', '22', '5518.59', 'CARD', 'FAILED', 'ETP20251003-OY54JQ', '2023-04-28 12:56:41'),
('23', '23', '6151.51', 'NETBANKING', 'SUCCESS', 'ETP20251003-4DJDZ2', '2024-11-24 07:40:24'),
('24', '24', '5821.37', 'CARD', 'SUCCESS', 'ETP20251003-34ZTCG', '2023-11-11 21:07:07'),
('25', '25', '2390.98', 'CARD', 'SUCCESS', 'ETP20251003-Q0H0HO', '2025-05-26 22:38:25'),
('26', '26', '2484.29', 'UPI', 'FAILED', 'ETP20251003-IVY4Z4', '2023-02-14 02:30:47'),
('27', '27', '4193.72', 'CARD', 'SUCCESS', 'ETP20251003-SU8X9Y', '2025-04-30 18:38:20'),
('28', '28', '9991.84', 'WALLET', 'FAILED', 'ETP20251003-XR30JU', '2025-05-23 17:37:22'),
('29', '29', '409.92', 'WALLET', 'SUCCESS', 'ETP20251003-XVTCX5', '2025-02-12 15:58:43'),
('30', '30', '4478.4', 'NETBANKING', 'PENDING', 'ETP20251003-7O12YE', '2024-12-02 20:30:57'),
('31', '31', '8409.14', 'CARD', 'FAILED', 'ETP20251003-FWBXSA', '2023-03-24 13:01:23'),
('32', '32', '12219.86', 'UPI', 'SUCCESS', 'ETP20251003-A3RMLM', '2025-03-27 07:37:45'),
('33', '33', '1502.39', 'WALLET', 'SUCCESS', 'ETP20251003-82VNM7', '2024-05-07 10:43:07'),
('34', '34', '6736.83', 'UPI', 'SUCCESS', 'ETP20251003-RWYG4N', '2024-03-03 14:51:01'),
('35', '35', '2384.91', 'WALLET', 'PENDING', 'ETP20251003-36AEFP', '2025-06-05 04:27:44'),
('36', '36', '2362.33', 'NETBANKING', 'SUCCESS', 'ETP20251003-6WQG8S', '2025-04-11 15:31:20'),
('37', '37', '3830.17', 'UPI', 'PENDING', 'ETP20251003-T8ZO53', '2024-01-04 01:56:24'),
('38', '38', '6950.4', 'CARD', 'SUCCESS', 'ETP20251003-7JXTV7', '2024-11-17 11:18:14'),
('39', '39', '5044.62', 'UPI', 'PENDING', 'ETP20251003-HOOBJ4', '2024-03-07 10:03:02'),
('40', '40', '1255.71', 'NETBANKING', 'SUCCESS', 'ETP20251003-VGSQ1H', '2024-06-08 10:02:47'),
('41', '41', '2619.04', 'NETBANKING', 'SUCCESS', 'ETP20251003-PS0Q12', '2024-02-02 14:51:18'),
('42', '42', '1971.41', 'UPI', 'SUCCESS', 'ETP20251003-ZJEWN3', '2024-05-20 08:26:26'),
('43', '43', '1881.45', 'WALLET', 'PENDING', 'ETP20251003-P1PEMD', '2024-05-28 08:52:59'),
('44', '44', '8566.59', 'UPI', 'FAILED', 'ETP20251003-EZ9D88', '2023-10-22 13:19:36'),
('45', '45', '2143.95', 'CARD', 'SUCCESS', 'ETP20251003-OOGUE2', '2025-05-30 23:37:06'),
('46', '46', '1912.6', 'CARD', 'PENDING', 'ETP20251003-QPZGRZ', '2025-03-24 08:31:04'),
('47', '47', '10993.75', 'UPI', 'FAILED', 'ETP20251003-J93BVI', '2024-11-05 22:39:18'),
('48', '48', '4891.91', 'WALLET', 'FAILED', 'ETP20251003-HK5141', '2023-07-31 01:02:41'),
('49', '49', '7415.13', 'NETBANKING', 'SUCCESS', 'ETP20251003-Q9HMMU', '2025-04-09 20:50:55'),
('50', '50', '4156.03', 'UPI', 'PENDING', 'ETP20251003-SCFW87', '2023-08-03 06:19:43'),
('51', '51', '2570.15', 'UPI', 'SUCCESS', 'ETP20251003-6CNOU8', '2024-02-21 03:01:00'),
('52', '52', '2899.78', 'NETBANKING', 'FAILED', 'ETP20251003-3MSWN6', '2024-04-02 23:02:26'),
('53', '53', '425.65', 'WALLET', 'SUCCESS', 'ETP20251003-E1LHBF', '2025-01-07 16:57:30'),
('54', '54', '1207.44', 'UPI', 'SUCCESS', 'ETP20251003-BDNR4B', '2023-04-24 00:25:36'),
('55', '55', '1502.39', 'UPI', 'FAILED', 'ETP20251003-4HZ2MS', '2024-05-05 23:29:03'),
('56', '56', '2548.48', 'NETBANKING', 'FAILED', 'ETP20251003-E6T1OC', '2024-07-07 10:33:56'),
('57', '57', '1094.27', 'CARD', 'SUCCESS', 'ETP20251003-ZBN2SP', '2024-07-21 03:56:34'),
('58', '58', '8295.84', 'WALLET', 'SUCCESS', 'ETP20251003-RM6Z7E', '2023-09-18 05:05:35'),
('59', '59', '2192.08', 'WALLET', 'SUCCESS', 'ETP20251003-10Q0VJ', '2024-01-20 04:17:18'),
('60', '60', '10427.17', 'NETBANKING', 'SUCCESS', 'ETP20251003-E40BA5', '2024-04-21 21:20:17'),
('61', '61', '10149.34', 'CARD', 'SUCCESS', 'ETP20251003-SLIBHZ', '2024-01-19 19:47:12'),
('62', '62', '4182.91', 'UPI', 'PENDING', 'ETP20251003-MIVY62', '2024-04-19 07:09:53'),
('63', '63', '2698.88', 'WALLET', 'SUCCESS', 'ETP20251003-NAVBJS', '2023-03-13 07:37:35'),
('64', '64', '7190.37', 'UPI', 'SUCCESS', 'ETP20251003-EMQOYS', '2023-06-22 17:39:24'),
('65', '65', '9942.95', 'NETBANKING', 'SUCCESS', 'ETP20251003-2PI0AW', '2023-12-27 19:32:57'),
('66', '66', '4046.18', 'CARD', 'SUCCESS', 'ETP20251003-A9RQIV', '2024-10-25 09:00:44'),
('67', '67', '3861.56', 'UPI', 'SUCCESS', 'ETP20251003-N558V9', '2023-01-14 20:23:28'),
('68', '68', '11334.62', 'WALLET', 'SUCCESS', 'ETP20251003-GUDZ2J', '2024-05-28 18:17:37'),
('69', '69', '9534.5', 'WALLET', 'FAILED', 'ETP20251003-S30CAL', '2023-10-22 16:40:58'),
('70', '70', '1316.97', 'UPI', 'PENDING', 'ETP20251003-HLX5J7', '2023-04-10 15:58:00'),
('71', '71', '8304.09', 'CARD', 'PENDING', 'ETP20251003-N6AKTH', '2023-01-25 02:45:45'),
('72', '72', '494.41', 'WALLET', 'FAILED', 'ETP20251003-HN9CRF', '2025-06-24 03:14:04'),
('73', '73', '5187.34', 'WALLET', 'FAILED', 'ETP20251003-AO18YU', '2024-04-10 23:45:13'),
('74', '74', '9422.78', 'NETBANKING', 'SUCCESS', 'ETP20251003-P40PJ4', '2025-03-07 02:06:01'),
('75', '75', '584.65', 'WALLET', 'SUCCESS', 'ETP20251003-PTZZW3', '2024-05-17 21:07:57'),
('76', '76', '2983.35', 'NETBANKING', 'SUCCESS', 'ETP20251003-HEYUFI', '2023-12-02 02:05:12'),
('77', '77', '5518.67', 'WALLET', 'FAILED', 'ETP20251003-PN1SGU', '2023-08-14 07:21:25'),
('78', '78', '9212.78', 'CARD', 'FAILED', 'ETP20251003-H0CHCI', '2025-06-02 08:56:47'),
('79', '79', '1560.34', 'UPI', 'SUCCESS', 'ETP20251003-LW23YO', '2023-01-21 23:34:50'),
('80', '80', '622.22', 'WALLET', 'FAILED', 'ETP20251003-CN0MEP', '2023-06-19 12:18:04'),
('81', '81', '2838.04', 'UPI', 'SUCCESS', 'ETP20251003-T38K8S', '2023-11-05 22:56:45'),
('82', '82', '2342.57', 'CARD', 'SUCCESS', 'ETP20251003-BALMLU', '2023-03-04 22:37:43'),
('83', '83', '3254.81', 'UPI', 'PENDING', 'ETP20251003-AQ05UE', '2023-04-21 16:20:32'),
('84', '84', '8619.09', 'NETBANKING', 'SUCCESS', 'ETP20251003-UH9TI9', '2025-05-12 08:47:31'),
('85', '85', '5651.71', 'NETBANKING', 'SUCCESS', 'ETP20251003-JJXGP8', '2024-08-29 15:07:33'),
('86', '86', '1369.47', 'WALLET', 'PENDING', 'ETP20251003-WTUDYA', '2025-02-17 12:36:02'),
('87', '87', '9834.34', 'WALLET', 'FAILED', 'ETP20251003-KM0P2H', '2025-03-02 07:20:38'),
('88', '88', '2246.8', 'NETBANKING', 'FAILED', 'ETP20251003-7CPD3V', '2024-04-07 15:29:30'),
('89', '89', '2961.61', 'UPI', 'SUCCESS', 'ETP20251003-37R0GO', '2024-02-02 04:31:14'),
('90', '90', '1169.28', 'CARD', 'PENDING', 'ETP20251003-UOFUZH', '2024-04-18 23:20:12'),
('91', '91', '2520.07', 'WALLET', 'PENDING', 'ETP20251003-DGJHVA', '2024-09-05 09:18:49'),
('92', '92', '6305.51', 'NETBANKING', 'PENDING', 'ETP20251003-564P58', '2024-03-06 22:59:45'),
('93', '93', '4261.03', 'CARD', 'PENDING', 'ETP20251003-DGLMFB', '2023-06-27 02:50:10'),
('94', '94', '7927.72', 'NETBANKING', 'SUCCESS', 'ETP20251003-KQA6U3', '2023-02-02 19:47:10'),
('95', '95', '1610.15', 'CARD', 'SUCCESS', 'ETP20251003-BS5XXS', '2023-02-21 14:24:38'),
('96', '96', '3146.79', 'NETBANKING', 'FAILED', 'ETP20251003-G6LEKU', '2023-08-11 02:29:14'),
('97', '97', '622.22', 'NETBANKING', 'SUCCESS', 'ETP20251003-BTKDHK', '2024-01-21 17:21:08'),
('98', '98', '2108.65', 'NETBANKING', 'PENDING', 'ETP20251003-HFDKRW', '2025-03-16 12:49:17'),
('99', '99', '9151.77', 'CARD', 'SUCCESS', 'ETP20251003-R2TB8G', '2024-06-22 11:42:37'),
('100', '100', '2246.8', 'UPI', 'SUCCESS', 'ETP20251003-TLHT4M', '2023-02-05 10:57:02'),
('101', '101', '1010.74', 'UPI', 'SUCCESS', 'ETP20251003-A1FU1R', '2023-04-05 02:57:56'),
('102', '102', '530.65', 'CARD', 'SUCCESS', 'ETP20251003-56YGGH', '2024-07-18 04:44:18'),
('103', '103', '7698.57', 'CARD', 'SUCCESS', 'ETP20251003-DORE93', '2024-07-22 12:05:28'),
('104', '104', '6854.4', 'NETBANKING', 'SUCCESS', 'ETP20251003-DYGAZR', '2025-02-22 09:09:41'),
('105', '105', '5217.07', 'CARD', 'SUCCESS', 'ETP20251003-QVOW2O', '2025-04-27 23:40:24'),
('106', '106', '8127.19', 'NETBANKING', 'SUCCESS', 'ETP20251003-TI36A3', '2023-07-13 10:59:42'),
('107', '107', '8558.34', 'WALLET', 'PENDING', 'ETP20251003-43JTI1', '2025-03-15 19:34:53'),
('108', '108', '5184.88', 'NETBANKING', 'FAILED', 'ETP20251003-S7MEZC', '2025-06-04 12:32:19'),
('109', '109', '4580.14', 'CARD', 'SUCCESS', 'ETP20251003-GXE3O9', '2024-04-21 07:25:01'),
('110', '110', '1474.47', 'NETBANKING', 'SUCCESS', 'ETP20251003-L2EK9P', '2024-12-19 17:52:29'),
('111', '111', '2318.0', 'CARD', 'FAILED', 'ETP20251003-TRQ1A1', '2025-06-30 14:40:47'),
('112', '112', '2461.19', 'WALLET', 'PENDING', 'ETP20251003-X2IT9L', '2024-03-09 22:57:43'),
('113', '113', '2403.24', 'UPI', 'SUCCESS', 'ETP20251003-UT0RHN', '2023-08-28 12:56:19'),
('114', '114', '2546.19', 'UPI', 'PENDING', 'ETP20251003-O7I61Z', '2023-12-22 04:00:44'),
('115', '115', '1763.29', 'NETBANKING', 'SUCCESS', 'ETP20251003-ZKBBKF', '2025-02-22 11:30:18'),
('116', '116', '4985.62', 'UPI', 'SUCCESS', 'ETP20251003-H8XTJJ', '2024-06-08 12:18:38'),
('117', '117', '2390.44', 'UPI', 'PENDING', 'ETP20251003-0U30M5', '2023-10-24 15:48:32'),
('118', '118', '2076.41', 'CARD', 'SUCCESS', 'ETP20251003-UFXEXE', '2024-01-16 02:13:39'),
('119', '119', '12272.36', 'NETBANKING', 'SUCCESS', 'ETP20251003-DBSF9B', '2025-06-24 21:46:49'),
('120', '120', '2733.04', 'NETBANKING', 'PENDING', 'ETP20251003-JRBLXB', '2023-01-07 20:19:43'),
('121', '121', '10369.76', 'UPI', 'SUCCESS', 'ETP20251003-1FRG7H', '2024-01-25 04:12:07'),
('122', '122', '2878.35', 'WALLET', 'SUCCESS', 'ETP20251003-IMN4CP', '2024-08-16 20:20:58'),
('123', '123', '3725.17', 'WALLET', 'SUCCESS', 'ETP20251003-DYVEES', '2024-06-08 08:49:34'),
('124', '124', '3517.31', 'UPI', 'SUCCESS', 'ETP20251003-TIVCC0', '2025-04-17 14:01:21'),
('125', '125', '1283.27', 'UPI', 'SUCCESS', 'ETP20251003-MOF7WB', '2025-05-09 01:44:15'),
('126', '126', '2899.78', 'CARD', 'SUCCESS', 'ETP20251003-SNU1FJ', '2024-07-14 04:21:57'),
('127', '127', '2442.94', 'UPI', 'FAILED', 'ETP20251003-2YK5BH', '2024-10-25 01:30:03'),
('128', '128', '822.44', 'WALLET', 'PENDING', 'ETP20251003-850KG3', '2024-06-05 16:36:37'),
('129', '129', '3075.75', 'WALLET', 'PENDING', 'ETP20251003-YKYBAO', '2024-04-29 11:59:45'),
('130', '130', '2753.18', 'WALLET', 'SUCCESS', 'ETP20251003-SX8XK5', '2024-04-23 21:21:45'),
('131', '131', '4990.88', 'CARD', 'FAILED', 'ETP20251003-XXO4VC', '2024-06-19 19:06:17'),
('132', '132', '1854.89', 'UPI', 'SUCCESS', 'ETP20251003-EQ8A2G', '2025-03-24 22:47:41'),
('133', '133', '9674.66', 'WALLET', 'SUCCESS', 'ETP20251003-07R6OT', '2024-03-01 10:27:41'),
('134', '134', '576.91', 'NETBANKING', 'FAILED', 'ETP20251003-8WBEZG', '2024-08-05 08:49:28'),
('135', '135', '214.91', 'CARD', 'SUCCESS', 'ETP20251003-V017C8', '2023-02-02 00:35:42'),
('136', '136', '2108.65', 'CARD', 'FAILED', 'ETP20251003-QVAKZE', '2023-01-29 17:34:30'),
('137', '137', '2173.88', 'CARD', 'SUCCESS', 'ETP20251003-ZNLMZ7', '2023-11-06 09:02:11'),
('138', '138', '4939.62', 'CARD', 'FAILED', 'ETP20251003-6C4OW2', '2024-06-05 10:13:03'),
('139', '139', '1095.46', 'NETBANKING', 'FAILED', 'ETP20251003-G4SBZS', '2024-06-13 13:17:17'),
('140', '140', '2123.11', 'UPI', 'SUCCESS', 'ETP20251003-GG9ZET', '2023-11-03 07:44:29'),
('141', '141', '2705.98', 'CARD', 'PENDING', 'ETP20251003-P75C21', '2025-01-30 13:22:45'),
('142', '142', '3014.5', 'WALLET', 'SUCCESS', 'ETP20251003-UPEMP8', '2025-03-17 08:19:39'),
('143', '143', '4944.41', 'NETBANKING', 'SUCCESS', 'ETP20251003-LGLO5E', '2023-01-04 00:56:47'),
('144', '144', '8190.84', 'WALLET', 'SUCCESS', 'ETP20251003-Z5JZ9S', '2025-04-03 12:21:01'),
('145', '145', '7533.56', 'NETBANKING', 'SUCCESS', 'ETP20251003-923R0K', '2024-09-13 12:20:18'),
('146', '146', '2451.04', 'WALLET', 'SUCCESS', 'ETP20251003-0W3LEC', '2023-09-15 22:44:20'),
('147', '147', '1405.49', 'CARD', 'PENDING', 'ETP20251003-LSUK4Z', '2023-03-05 16:24:41'),
('148', '148', '3972.91', 'WALLET', 'SUCCESS', 'ETP20251003-QFC9V6', '2024-11-21 22:33:45'),
('149', '149', '1199.27', 'NETBANKING', 'SUCCESS', 'ETP20251003-BF08V7', '2023-11-27 06:42:55'),
('150', '150', '1350.34', 'CARD', 'SUCCESS', 'ETP20251003-N8PXPX', '2025-07-30 05:21:43'),
('151', '151', '9627.95', 'WALLET', 'PENDING', 'ETP20251003-CQ42TY', '2024-12-15 11:46:54'),
('152', '152', '1730.89', 'NETBANKING', 'SUCCESS', 'ETP20251003-BVGNQC', '2023-03-08 08:57:33'),
('153', '153', '3822.84', 'CARD', 'SUCCESS', 'ETP20251003-BWA86V', '2023-04-27 21:39:15'),
('154', '154', '2608.54', 'NETBANKING', 'SUCCESS', 'ETP20251003-GEM6DJ', '2023-09-18 13:05:08'),
('155', '155', '4685.14', 'UPI', 'FAILED', 'ETP20251003-EI5PQG', '2024-09-19 04:02:36'),
('156', '156', '622.22', 'NETBANKING', 'SUCCESS', 'ETP20251003-OWG6R9', '2023-06-09 02:29:15'),
('157', '157', '1296.77', 'WALLET', 'SUCCESS', 'ETP20251003-OH98HU', '2024-03-07 15:55:02'),
('158', '158', '6136.81', 'UPI', 'SUCCESS', 'ETP20251003-EZGFS5', '2024-05-18 11:27:36'),
('159', '159', '573.38', 'UPI', 'SUCCESS', 'ETP20251003-YGCZFY', '2023-08-07 16:52:29'),
('160', '160', '1904.53', 'WALLET', 'PENDING', 'ETP20251003-2GAAQY', '2023-10-25 23:25:44'),
('161', '161', '2575.59', 'CARD', 'SUCCESS', 'ETP20251003-24SR04', '2024-05-17 18:34:27'),
('162', '162', '2983.35', 'WALLET', 'FAILED', 'ETP20251003-2W88GP', '2023-04-06 10:51:56'),
('163', '163', '2173.54', 'CARD', 'SUCCESS', 'ETP20251003-V0WFBF', '2025-05-27 03:45:15'),
('164', '164', '3075.75', 'NETBANKING', 'SUCCESS', 'ETP20251003-L4HM49', '2023-09-29 02:17:13'),
('165', '165', '2493.69', 'CARD', 'SUCCESS', 'ETP20251003-HRPWUC', '2024-11-20 17:41:39'),
('166', '166', '2572.57', 'UPI', 'FAILED', 'ETP20251003-AN9WIZ', '2023-02-10 12:44:41'),
('167', '167', '1402.84', 'NETBANKING', 'SUCCESS', 'ETP20251003-FTC1VN', '2023-03-27 07:56:39'),
('168', '168', '1273.24', 'NETBANKING', 'FAILED', 'ETP20251003-X5CL7S', '2025-06-30 00:31:13'),
('169', '169', '4813.98', 'NETBANKING', 'SUCCESS', 'ETP20251003-SDHQ2A', '2023-05-25 07:20:49'),
('170', '170', '6892.49', 'WALLET', 'FAILED', 'ETP20251003-SJJ4HA', '2024-08-30 23:10:41'),
('171', '171', '4308.68', 'UPI', 'PENDING', 'ETP20251003-5A4F64', '2025-06-10 14:14:18'),
('172', '172', '1795.75', 'CARD', 'FAILED', 'ETP20251003-L39O4N', '2023-05-14 10:09:30'),
('173', '173', '5145.15', 'UPI', 'SUCCESS', 'ETP20251003-IYD1VW', '2025-04-21 08:14:13'),
('174', '174', '6316.83', 'CARD', 'SUCCESS', 'ETP20251003-69S2FG', '2023-03-28 17:04:46'),
('175', '175', '3251.79', 'WALLET', 'SUCCESS', 'ETP20251003-4F9OD1', '2023-05-07 03:48:39'),
('176', '176', '5229.76', 'WALLET', 'SUCCESS', 'ETP20251003-0HGTH2', '2023-12-12 10:13:36'),
('177', '177', '681.91', 'WALLET', 'FAILED', 'ETP20251003-AYMQ2C', '2025-06-06 23:39:38'),
('178', '178', '2820.53', 'NETBANKING', 'SUCCESS', 'ETP20251003-NL2TE7', '2024-08-28 05:14:54'),
('179', '179', '4246.22', 'WALLET', 'FAILED', 'ETP20251003-7UN8W2', '2024-04-19 08:18:51'),
('180', '180', '2677.57', 'UPI', 'PENDING', 'ETP20251003-GFT345', '2023-04-28 14:02:57'),
('181', '181', '9475.28', 'UPI', 'SUCCESS', 'ETP20251003-0I97LE', '2024-07-26 06:19:25'),
('182', '182', '8304.09', 'CARD', 'SUCCESS', 'ETP20251003-LW63FL', '2024-12-02 12:19:40'),
('183', '183', '4203.68', 'WALLET', 'SUCCESS', 'ETP20251003-829J8L', '2023-07-08 01:04:20'),
('184', '184', '2604.06', 'UPI', 'PENDING', 'ETP20251003-6YWLY3', '2025-04-27 11:23:54'),
('185', '185', '1316.97', 'NETBANKING', 'FAILED', 'ETP20251003-HMBM1R', '2025-04-11 07:47:58'),
('186', '186', '2211.71', 'CARD', 'FAILED', 'ETP20251003-LWIFXX', '2024-09-24 18:12:52'),
('187', '187', '442.73', 'UPI', 'SUCCESS', 'ETP20251003-XSUL0G', '2025-01-01 20:57:35'),
('188', '188', '462.42', 'WALLET', 'FAILED', 'ETP20251003-FU1GQM', '2024-03-20 18:27:47'),
('189', '189', '2442.94', 'NETBANKING', 'SUCCESS', 'ETP20251003-0PVUUS', '2023-07-09 02:56:29'),
('190', '190', '2175.61', 'CARD', 'FAILED', 'ETP20251003-KKW04M', '2023-09-22 21:14:41'),
('191', '191', '6696.9', 'NETBANKING', 'SUCCESS', 'ETP20251003-BGPSKB', '2025-03-06 21:52:31'),
('192', '192', '1664.55', 'CARD', 'SUCCESS', 'ETP20251003-N13BP1', '2024-02-14 10:19:26'),
('193', '193', '7586.06', 'NETBANKING', 'PENDING', 'ETP20251003-N8U6BH', '2024-06-29 14:36:46'),
('194', '194', '11151.25', 'CARD', 'SUCCESS', 'ETP20251003-GPHC18', '2024-04-09 13:36:36'),
('195', '195', '6920.51', 'UPI', 'PENDING', 'ETP20251003-O435GP', '2023-09-13 14:28:08'),
('196', '196', '2577.2', 'UPI', 'SUCCESS', 'ETP20251003-NOJADY', '2024-06-23 06:18:52'),
('197', '197', '1513.78', 'WALLET', 'SUCCESS', 'ETP20251003-FEOGWE', '2024-02-24 11:14:30'),
('198', '198', '730.88', 'WALLET', 'SUCCESS', 'ETP20251003-9F47VW', '2025-06-19 21:38:59'),
('199', '199', '4763.18', 'UPI', 'SUCCESS', 'ETP20251003-VK6UB9', '2024-11-10 17:22:14'),
('200', '200', '819.84', 'WALLET', 'SUCCESS', 'ETP20251003-RE6S95', '2023-08-19 13:01:53'),
('201', '201', '3603.75', 'CARD', 'FAILED', 'ETP20251003-MYSWWI', '2025-01-23 13:38:16'),
('202', '202', '6241.81', 'WALLET', 'PENDING', 'ETP20251003-9A4BPK', '2024-04-15 06:37:35'),
('203', '203', '569.64', 'CARD', 'SUCCESS', 'ETP20251003-9CSINU', '2024-07-09 11:47:09'),
('204', '204', '4598.6', 'NETBANKING', 'SUCCESS', 'ETP20251003-4SHYDB', '2025-03-26 23:46:25'),
('205', '205', '9160.29', 'UPI', 'FAILED', 'ETP20251003-SEA1EU', '2023-02-22 18:20:01'),
('206', '206', '4728.38', 'NETBANKING', 'SUCCESS', 'ETP20251003-IE5WIE', '2024-07-03 05:31:54'),
('207', '207', '1356.28', 'NETBANKING', 'SUCCESS', 'ETP20251003-QGFHJU', '2024-05-28 14:23:01'),
('208', '208', '842.24', 'WALLET', 'FAILED', 'ETP20251003-2AISYJ', '2023-09-30 12:39:48'),
('209', '209', '1982.65', 'NETBANKING', 'PENDING', 'ETP20251003-16JM8T', '2024-07-06 11:37:55'),
('210', '210', '5536.06', 'WALLET', 'SUCCESS', 'ETP20251003-WWGCLS', '2025-06-21 06:36:10'),
('211', '211', '1029.84', 'WALLET', 'SUCCESS', 'ETP20251003-T7KRC5', '2024-02-04 14:15:58'),
('212', '212', '5197.37', 'WALLET', 'SUCCESS', 'ETP20251003-PXWNQA', '2023-03-05 00:30:57'),
('213', '213', '8635.06', 'UPI', 'FAILED', 'ETP20251003-QEVNQV', '2023-05-28 01:49:46'),
('214', '214', '1235.29', 'NETBANKING', 'SUCCESS', 'ETP20251003-EKBVR1', '2024-10-31 23:10:31'),
('215', '215', '4340.41', 'UPI', 'SUCCESS', 'ETP20251003-K8XMRO', '2024-07-19 06:08:02'),
('216', '216', '1276.95', 'NETBANKING', 'FAILED', 'ETP20251003-D56US7', '2024-03-07 10:58:04'),
('217', '217', '6922.71', 'CARD', 'PENDING', 'ETP20251003-IUDYVB', '2024-10-10 16:41:28'),
('218', '218', '1221.8', 'WALLET', 'FAILED', 'ETP20251003-GOCD1K', '2023-11-29 18:02:52'),
('219', '219', '5143.92', 'UPI', 'SUCCESS', 'ETP20251003-TNDRZ5', '2024-05-04 21:22:57'),
('220', '220', '9384.76', 'UPI', 'SUCCESS', 'ETP20251003-AYO84Z', '2025-02-13 00:31:38'),
('221', '221', '2766.04', 'CARD', 'SUCCESS', 'ETP20251003-HH4Z6K', '2024-08-19 00:25:18'),
('222', '222', '9144.7', 'NETBANKING', 'FAILED', 'ETP20251003-T1NMVZ', '2024-05-21 02:37:43'),
('223', '223', '10054.76', 'CARD', 'FAILED', 'ETP20251003-WR9BGU', '2023-08-03 21:34:00'),
('224', '224', '2099.87', 'CARD', 'FAILED', 'ETP20251003-8CTLP7', '2024-02-06 09:59:26'),
('225', '225', '1980.93', 'WALLET', 'SUCCESS', 'ETP20251003-SOC4Z6', '2024-03-05 20:55:41'),
('226', '226', '3014.5', 'NETBANKING', 'SUCCESS', 'ETP20251003-8M6Z2F', '2023-01-15 05:22:47'),
('227', '227', '5365.63', 'WALLET', 'PENDING', 'ETP20251003-QJO8D7', '2023-01-09 07:36:02'),
('228', '228', '9779.66', 'CARD', 'SUCCESS', 'ETP20251003-B3DRC5', '2023-08-23 11:17:00'),
('229', '229', '3579.07', 'WALLET', 'FAILED', 'ETP20251003-HO5B25', '2025-04-12 00:35:28'),
('230', '230', '9647.26', 'UPI', 'SUCCESS', 'ETP20251003-XBT3IQ', '2023-09-12 11:31:29'),
('231', '231', '6238.22', 'NETBANKING', 'PENDING', 'ETP20251003-DQRES3', '2024-02-03 21:07:13'),
('232', '232', '1413.21', 'NETBANKING', 'FAILED', 'ETP20251003-019713', '2023-03-06 04:28:18'),
('233', '233', '6749.4', 'CARD', 'PENDING', 'ETP20251003-LCL6DI', '2025-01-21 12:48:37'),
('234', '234', '2367.2', 'WALLET', 'SUCCESS', 'ETP20251003-NWP1ER', '2023-04-16 06:31:36'),
('235', '235', '5144.87', 'NETBANKING', 'PENDING', 'ETP20251003-DIRE8Q', '2023-07-27 21:53:16'),
('236', '236', '1492.6', 'NETBANKING', 'SUCCESS', 'ETP20251003-UU6F3X', '2025-01-26 17:29:29'),
('237', '237', '2467.57', 'UPI', 'PENDING', 'ETP20251003-RQ0SLZ', '2023-07-13 12:23:18'),
('238', '238', '8514.09', 'CARD', 'SUCCESS', 'ETP20251003-YLO76Y', '2023-09-26 11:07:40'),
('239', '239', '9592.13', 'NETBANKING', 'SUCCESS', 'ETP20251003-SMVFK8', '2024-06-13 06:53:51'),
('240', '240', '2698.88', 'UPI', 'SUCCESS', 'ETP20251003-NSYPTI', '2023-06-28 08:04:11'),
('241', '241', '5217.07', 'WALLET', 'SUCCESS', 'ETP20251003-T583W5', '2025-06-16 18:08:31'),
('242', '242', '2963.18', 'WALLET', 'SUCCESS', 'ETP20251003-6G28QN', '2024-11-24 11:28:33'),
('243', '243', '2160.73', 'CARD', 'PENDING', 'ETP20251003-YA5YF4', '2023-09-01 02:06:30'),
('244', '244', '6361.51', 'CARD', 'PENDING', 'ETP20251003-QWERS9', '2024-05-21 15:06:42'),
('245', '245', '12775.52', 'WALLET', 'SUCCESS', 'ETP20251003-WJOLSA', '2024-11-16 08:02:16'),
('246', '246', '7457.22', 'WALLET', 'FAILED', 'ETP20251003-MJLJOQ', '2025-01-23 02:13:17'),
('247', '247', '5547.82', 'WALLET', 'SUCCESS', 'ETP20251003-5P5MWR', '2025-02-04 15:54:28'),
('248', '248', '3872.12', 'WALLET', 'SUCCESS', 'ETP20251003-JAURKF', '2023-07-15 11:23:50'),
('249', '249', '5746.06', 'CARD', 'PENDING', 'ETP20251003-I5DZO7', '2023-10-10 19:28:36'),
('250', '250', '6629.99', 'UPI', 'SUCCESS', 'ETP20251003-ATS7Y7', '2024-03-09 00:09:03'),
('251', '251', '3972.91', 'CARD', 'SUCCESS', 'ETP20251003-ZWIXWS', '2025-04-20 20:26:52'),
('252', '252', '6238.22', 'WALLET', 'SUCCESS', 'ETP20251003-G0BDBU', '2024-02-06 14:18:23'),
('253', '253', '7917.19', 'UPI', 'SUCCESS', 'ETP20251003-KPJ8XR', '2025-06-06 16:15:02'),
('254', '254', '5599.21', 'WALLET', 'FAILED', 'ETP20251003-RLCK5H', '2025-06-29 03:36:33'),
('255', '255', '2593.54', 'NETBANKING', 'SUCCESS', 'ETP20251003-CTZF0V', '2023-12-02 17:02:27'),
('256', '256', '2616.41', 'WALLET', 'SUCCESS', 'ETP20251003-1JIZM8', '2023-10-02 19:54:16'),
('257', '257', '3927.84', 'NETBANKING', 'SUCCESS', 'ETP20251003-C6HW0S', '2023-03-30 18:47:00'),
('258', '258', '3158.95', 'WALLET', 'FAILED', 'ETP20251003-SVWLCP', '2023-03-18 12:57:20'),
('259', '259', '5151.17', 'NETBANKING', 'PENDING', 'ETP20251003-4G626Y', '2024-03-31 03:09:22'),
('260', '260', '2213.65', 'NETBANKING', 'SUCCESS', 'ETP20251003-TGUUYF', '2023-11-11 19:00:45'),
('261', '261', '7185.21', 'UPI', 'SUCCESS', 'ETP20251003-LTHE00', '2025-06-11 01:17:49'),
('262', '262', '10532.17', 'UPI', 'SUCCESS', 'ETP20251003-MH7LYG', '2024-12-27 23:06:57'),
('263', '263', '5249.87', 'WALLET', 'SUCCESS', 'ETP20251003-O7TG3Z', '2023-06-29 17:55:38'),
('264', '264', '6934.77', 'CARD', 'FAILED', 'ETP20251003-QW07PN', '2025-07-17 21:35:42'),
('265', '265', '9429.5', 'NETBANKING', 'PENDING', 'ETP20251003-VX4G9N', '2023-09-19 17:36:15'),
('266', '266', '4349.68', 'WALLET', 'FAILED', 'ETP20251003-IFDAI9', '2023-11-04 13:44:14'),
('267', '267', '6188.68', 'NETBANKING', 'SUCCESS', 'ETP20251003-FLOARK', '2025-04-03 08:54:58'),
('268', '268', '2055.73', 'WALLET', 'FAILED', 'ETP20251003-NFD5Z7', '2024-12-01 07:25:14'),
('269', '269', '2101.84', 'WALLET', 'SUCCESS', 'ETP20251003-540ZCR', '2025-03-31 13:20:23'),
('270', '270', '1364.22', 'UPI', 'SUCCESS', 'ETP20251003-MIYUXD', '2025-05-25 10:27:30'),
('271', '271', '2033.43', 'UPI', 'SUCCESS', 'ETP20251003-LYVTPY', '2025-06-17 18:32:36'),
('272', '272', '4664.81', 'WALLET', 'SUCCESS', 'ETP20251003-SKO62Y', '2025-06-30 08:45:01'),
('273', '273', '2653.6', 'WALLET', 'SUCCESS', 'ETP20251003-3Z6Y89', '2023-08-30 11:55:01'),
('274', '274', '2307.65', 'WALLET', 'SUCCESS', 'ETP20251003-04UQOA', '2024-05-16 10:19:38'),
('275', '275', '6136.18', 'UPI', 'SUCCESS', 'ETP20251003-35CT0U', '2023-02-14 13:03:14'),
('276', '276', '1116.8', 'NETBANKING', 'FAILED', 'ETP20251003-2GROVA', '2024-05-11 01:16:35'),
('277', '277', '4373.4', 'UPI', 'SUCCESS', 'ETP20251003-3WK957', '2025-02-28 12:19:40'),
('278', '278', '1743.25', 'WALLET', 'PENDING', 'ETP20251003-3F10R3', '2025-02-25 00:47:05'),
('279', '279', '5007.07', 'CARD', 'SUCCESS', 'ETP20251003-GHPGQM', '2023-02-20 16:11:09'),
('280', '280', '3183.75', 'CARD', 'SUCCESS', 'ETP20251003-I5ONHJ', '2025-04-30 23:32:34'),
('281', '281', '2589.29', 'NETBANKING', 'FAILED', 'ETP20251003-5H7SP3', '2023-08-24 06:31:23'),
('282', '282', '4632.64', 'NETBANKING', 'FAILED', 'ETP20251003-W94B8N', '2024-09-26 16:52:05'),
('283', '283', '2265.45', 'CARD', 'FAILED', 'ETP20251003-D5FP94', '2023-09-06 04:21:41'),
('284', '284', '11898.73', 'WALLET', 'SUCCESS', 'ETP20251003-H01ZZ7', '2024-04-02 12:09:25'),
('285', '285', '3526.57', 'UPI', 'SUCCESS', 'ETP20251003-PY5PMA', '2023-07-03 13:14:34'),
('286', '286', '5886.09', 'NETBANKING', 'SUCCESS', 'ETP20251003-50IWDS', '2024-02-15 00:21:40'),
('287', '287', '9489.76', 'UPI', 'SUCCESS', 'ETP20251003-0794UV', '2024-02-24 21:23:13'),
('288', '288', '6134.0', 'NETBANKING', 'SUCCESS', 'ETP20251003-2K0LQ1', '2023-11-24 16:16:43'),
('289', '289', '2820.53', 'NETBANKING', 'SUCCESS', 'ETP20251003-7TPIAQ', '2024-12-20 12:42:17'),
('290', '290', '5966.71', 'CARD', 'FAILED', 'ETP20251003-C1PP1W', '2024-06-18 20:22:13'),
('291', '291', '7144.77', 'NETBANKING', 'SUCCESS', 'ETP20251003-2OXULB', '2025-03-31 06:36:40'),
('292', '292', '1845.73', 'UPI', 'PENDING', 'ETP20251003-JFRUQN', '2025-05-18 11:02:31'),
('293', '293', '5768.87', 'NETBANKING', 'PENDING', 'ETP20251003-EU0T6Z', '2024-03-10 07:56:51'),
('294', '294', '4783.66', 'CARD', 'FAILED', 'ETP20251003-O272M0', '2023-10-05 19:53:54'),
('295', '295', '3288.75', 'NETBANKING', 'SUCCESS', 'ETP20251003-O9R41O', '2024-06-10 01:57:27'),
('296', '296', '9407.2', 'UPI', 'SUCCESS', 'ETP20251003-XRWC0B', '2024-09-22 02:44:41'),
('297', '297', '4863.58', 'CARD', 'SUCCESS', 'ETP20251003-VC8I6I', '2024-09-25 07:31:21'),
('298', '298', '842.24', 'NETBANKING', 'SUCCESS', 'ETP20251003-F1PVEA', '2023-04-12 21:28:32'),
('299', '299', '1049.94', 'WALLET', 'SUCCESS', 'ETP20251003-Q3JKNB', '2023-03-15 20:14:08'),
('300', '300', '1014.45', 'WALLET', 'FAILED', 'ETP20251003-E112AH', '2023-02-18 16:02:26'),
('301', '301', '1560.34', 'CARD', 'SUCCESS', 'ETP20251003-IO0JFF', '2023-07-19 09:40:09'),
('302', '302', '7312.22', 'UPI', 'SUCCESS', 'ETP20251003-PE3OBA', '2024-02-23 23:18:37'),
('303', '303', '1287.79', 'NETBANKING', 'SUCCESS', 'ETP20251003-2A85TC', '2024-01-23 16:35:38'),
('304', '304', '4635.9', 'NETBANKING', 'PENDING', 'ETP20251003-YN6VKH', '2025-01-27 08:40:21'),
('305', '305', '1696.87', 'WALLET', 'FAILED', 'ETP20251003-1Y13QF', '2024-07-19 20:11:15'),
('306', '306', '8566.59', 'UPI', 'SUCCESS', 'ETP20251003-7VKRHB', '2025-06-19 00:06:09'),
('307', '307', '10290.29', 'WALLET', 'PENDING', 'ETP20251003-FY09BT', '2024-02-24 17:07:59'),
('308', '308', '958.24', 'WALLET', 'SUCCESS', 'ETP20251003-X29ILO', '2025-07-14 01:32:37'),
('309', '309', '1795.75', 'NETBANKING', 'FAILED', 'ETP20251003-L7N2IE', '2024-04-24 00:38:16'),
('310', '310', '409.92', 'CARD', 'FAILED', 'ETP20251003-4OV2DT', '2025-07-10 09:18:21'),
('311', '311', '6309.01', 'CARD', 'PENDING', 'ETP20251003-O8FWCG', '2023-02-07 22:49:50'),
('312', '312', '621.33', 'CARD', 'SUCCESS', 'ETP20251003-RKHTVW', '2024-12-15 00:47:46'),
('313', '313', '2390.98', 'CARD', 'SUCCESS', 'ETP20251003-IIRRPG', '2023-03-04 09:35:07'),
('314', '314', '4863.58', 'UPI', 'SUCCESS', 'ETP20251003-KLFHLC', '2023-04-16 14:33:25'),
('315', '315', '1595.48', 'NETBANKING', 'SUCCESS', 'ETP20251003-3AK2II', '2023-06-24 16:32:00'),
('316', '316', '1235.29', 'WALLET', 'FAILED', 'ETP20251003-GRT8E5', '2024-03-02 12:26:09'),
('317', '317', '6253.01', 'UPI', 'SUCCESS', 'ETP20251003-LD0LOY', '2025-02-15 02:27:16'),
('318', '318', '3861.56', 'NETBANKING', 'SUCCESS', 'ETP20251003-6ANCKU', '2025-05-06 16:35:34'),
('319', '319', '8505.84', 'UPI', 'FAILED', 'ETP20251003-E7B0LW', '2023-01-17 11:43:04'),
('320', '320', '6204.01', 'CARD', 'SUCCESS', 'ETP20251003-EZ8U8W', '2025-06-25 01:18:14'),
('321', '321', '8672.41', 'NETBANKING', 'FAILED', 'ETP20251003-MDKQTU', '2024-04-03 23:07:15'),
('322', '322', '4891.91', 'UPI', 'PENDING', 'ETP20251003-QB4438', '2024-12-31 00:46:13'),
('323', '323', '6188.68', 'CARD', 'SUCCESS', 'ETP20251003-2PYKOM', '2024-05-07 01:54:46'),
('324', '324', '6134.0', 'WALLET', 'FAILED', 'ETP20251003-19JCCO', '2024-12-29 11:31:44'),
('325', '325', '1807.6', 'UPI', 'FAILED', 'ETP20251003-CVDTOY', '2024-11-12 02:04:28'),
('326', '326', '2604.06', 'WALLET', 'PENDING', 'ETP20251003-A04QEW', '2023-06-09 01:53:31'),
('327', '327', '622.22', 'WALLET', 'FAILED', 'ETP20251003-KX2Q0F', '2023-03-04 23:26:06'),
('328', '328', '1877.65', 'WALLET', 'FAILED', 'ETP20251003-MM36AW', '2023-02-28 20:57:39'),
('329', '329', '7144.77', 'WALLET', 'SUCCESS', 'ETP20251003-P1EX89', '2024-03-12 05:24:53'),
('330', '330', '1236.1', 'UPI', 'PENDING', 'ETP20251003-2KHZLT', '2024-08-31 04:22:22'),
('331', '331', '2447.57', 'WALLET', 'SUCCESS', 'ETP20251003-CEKFCZ', '2023-02-27 07:13:04'),
('332', '332', '3966.56', 'NETBANKING', 'PENDING', 'ETP20251003-2VDI16', '2024-07-17 14:02:50'),
('333', '333', '1384.66', 'UPI', 'SUCCESS', 'ETP20251003-Z6HF64', '2023-12-31 16:23:18'),
('334', '334', '2017.6', 'WALLET', 'SUCCESS', 'ETP20251003-4BL48I', '2024-07-14 04:57:21'),
('335', '335', '1928.43', 'WALLET', 'PENDING', 'ETP20251003-YX3C59', '2025-02-26 23:27:30'),
('336', '336', '3105.93', 'WALLET', 'SUCCESS', 'ETP20251003-70ONJX', '2024-01-13 10:00:16'),
('337', '337', '3146.79', 'UPI', 'SUCCESS', 'ETP20251003-4MH2WG', '2025-07-13 03:26:48'),
('338', '338', '6515.51', 'UPI', 'SUCCESS', 'ETP20251003-GKXZHU', '2023-01-14 16:54:39'),
('339', '339', '2677.33', 'WALLET', 'FAILED', 'ETP20251003-HO9FE0', '2025-03-13 00:43:38'),
('340', '340', '1402.84', 'NETBANKING', 'FAILED', 'ETP20251003-RACRMF', '2023-04-02 15:34:27'),
('341', '341', '7312.22', 'CARD', 'SUCCESS', 'ETP20251003-WJN0VM', '2024-05-24 07:10:41'),
('342', '342', '8567.41', 'WALLET', 'SUCCESS', 'ETP20251003-E4PUHI', '2024-04-08 10:45:41'),
('343', '343', '6911.06', 'WALLET', 'SUCCESS', 'ETP20251003-P0EWJA', '2025-04-16 22:32:32'),
('344', '344', '5442.82', 'CARD', 'SUCCESS', 'ETP20251003-A1BS8H', '2023-12-11 18:19:52'),
('345', '345', '1086.77', 'WALLET', 'PENDING', 'ETP20251003-4W336U', '2023-06-29 21:16:06'),
('346', '346', '2390.98', 'WALLET', 'SUCCESS', 'ETP20251003-IXE3E1', '2023-05-28 21:17:32'),
('347', '347', '5582.64', 'WALLET', 'SUCCESS', 'ETP20251003-6P1QAY', '2024-03-04 17:46:31'),
('348', '348', '409.92', 'WALLET', 'SUCCESS', 'ETP20251003-MUF1XE', '2023-05-18 09:05:22'),
('349', '349', '2548.56', 'WALLET', 'FAILED', 'ETP20251003-AG2C1W', '2023-07-27 02:00:14'),
('350', '350', '2161.15', 'UPI', 'SUCCESS', 'ETP20251003-VO798I', '2024-10-13 09:47:25'),
('351', '351', '730.88', 'WALLET', 'SUCCESS', 'ETP20251003-6EDICR', '2025-03-24 18:05:46'),
('352', '352', '2608.54', 'NETBANKING', 'FAILED', 'ETP20251003-UBWTYG', '2023-09-03 08:29:54'),
('353', '353', '494.41', 'WALLET', 'SUCCESS', 'ETP20251003-35CZDK', '2023-01-21 04:12:58'),
('354', '354', '5651.71', 'NETBANKING', 'SUCCESS', 'ETP20251003-POHJ1A', '2024-11-18 17:50:44'),
('355', '355', '12324.86', 'CARD', 'SUCCESS', 'ETP20251003-9ZIZRF', '2024-07-09 09:29:13'),
('356', '356', '2524.21', 'CARD', 'FAILED', 'ETP20251003-NK50SL', '2023-02-07 01:16:45'),
('357', '357', '2233.6', 'CARD', 'PENDING', 'ETP20251003-UGB07A', '2024-12-12 08:41:54'),
('358', '358', '4943.92', 'NETBANKING', 'SUCCESS', 'ETP20251003-RINIXN', '2023-07-17 09:34:25'),
('359', '359', '5886.09', 'NETBANKING', 'SUCCESS', 'ETP20251003-QKE2TV', '2023-08-27 12:23:49'),
('360', '360', '8889.27', 'UPI', 'SUCCESS', 'ETP20251003-MXTP57', '2023-08-09 06:04:49'),
('361', '361', '5087.68', 'UPI', 'SUCCESS', 'ETP20251003-J753OT', '2023-04-11 15:52:06'),
('362', '362', '5518.59', 'CARD', 'SUCCESS', 'ETP20251003-YDUNEU', '2024-10-01 07:50:09'),
('363', '363', '7315.64', 'CARD', 'FAILED', 'ETP20251003-TR226S', '2024-09-21 08:53:11'),
('364', '364', '2709.06', 'UPI', 'SUCCESS', 'ETP20251003-Q87IFY', '2024-06-30 12:54:21'),
('365', '365', '9991.84', 'NETBANKING', 'PENDING', 'ETP20251003-XAK0E2', '2023-01-13 06:27:57'),
('366', '366', '9192.96', 'UPI', 'SUCCESS', 'ETP20251003-4OIXPO', '2024-05-11 22:23:57'),
('367', '367', '4927.31', 'WALLET', 'FAILED', 'ETP20251003-34232J', '2024-01-26 11:04:06'),
('368', '368', '3650.3', 'NETBANKING', 'SUCCESS', 'ETP20251003-BB97RL', '2024-12-28 18:40:01'),
('369', '369', '2465.95', 'UPI', 'FAILED', 'ETP20251003-Q3CRJ2', '2023-01-10 20:45:14'),
('370', '370', '4462.25', 'CARD', 'SUCCESS', 'ETP20251003-FRB0M4', '2024-03-17 21:35:14'),
('371', '371', '5344.84', 'CARD', 'PENDING', 'ETP20251003-VYVKCB', '2024-05-19 08:39:17'),
('372', '372', '6451.07', 'NETBANKING', 'SUCCESS', 'ETP20251003-CZHN6X', '2024-09-01 00:59:00'),
('373', '373', '9949.76', 'NETBANKING', 'SUCCESS', 'ETP20251003-J6NTAL', '2024-12-17 05:49:42'),
('374', '374', '6200.51', 'CARD', 'SUCCESS', 'ETP20251003-WOHUQO', '2025-06-05 02:03:19'),
('375', '375', '1793.23', 'WALLET', 'SUCCESS', 'ETP20251003-64FHRW', '2024-04-28 19:15:58'),
('376', '376', '3288.75', 'NETBANKING', 'FAILED', 'ETP20251003-EAQGAU', '2023-11-09 18:27:02'),
('377', '377', '1369.47', 'WALLET', 'SUCCESS', 'ETP20251003-D53DZY', '2024-10-08 12:27:02'),
('378', '378', '1251.77', 'CARD', 'FAILED', 'ETP20251003-HDGPPB', '2023-01-28 20:59:23'),
('379', '379', '4576.03', 'UPI', 'SUCCESS', 'ETP20251003-ZXECMZ', '2024-04-07 08:50:31'),
('380', '380', '2076.66', 'CARD', 'SUCCESS', 'ETP20251003-4ONEQ1', '2025-02-19 12:29:52'),
('381', '381', '6346.07', 'UPI', 'PENDING', 'ETP20251003-SAPGMN', '2024-09-16 11:36:31'),
('382', '382', '8243.34', 'WALLET', 'FAILED', 'ETP20251003-J1CY0I', '2023-11-27 21:58:30'),
('383', '383', '2542.41', 'NETBANKING', 'SUCCESS', 'ETP20251003-NTC3YX', '2024-01-06 14:46:31'),
('384', '384', '1178.27', 'NETBANKING', 'FAILED', 'ETP20251003-LG81M4', '2023-06-06 01:48:34'),
('385', '385', '2653.6', 'CARD', 'SUCCESS', 'ETP20251003-VGD8M7', '2023-06-25 23:27:24'),
('386', '386', '5248.92', 'NETBANKING', 'SUCCESS', 'ETP20251003-5XFISE', '2025-01-01 00:27:32'),
('387', '387', '622.14', 'CARD', 'PENDING', 'ETP20251003-M6V6BJ', '2025-03-22 18:11:57'),
('388', '388', '1169.28', 'UPI', 'SUCCESS', 'ETP20251003-7Y0SO3', '2024-04-30 04:03:32'),
('389', '389', '214.91', 'WALLET', 'SUCCESS', 'ETP20251003-YP8DHP', '2025-04-22 06:19:53'),
('390', '390', '755.24', 'NETBANKING', 'PENDING', 'ETP20251003-ECHJV7', '2024-02-10 10:35:40'),
('391', '391', '6691.35', 'UPI', 'SUCCESS', 'ETP20251003-J5KQXF', '2025-02-19 16:19:08'),
('392', '392', '5861.71', 'UPI', 'SUCCESS', 'ETP20251003-AWORQ4', '2025-05-22 10:54:18'),
('393', '393', '4583.4', 'WALLET', 'PENDING', 'ETP20251003-B5NLDH', '2023-03-22 02:27:09'),
('394', '394', '5153.42', 'CARD', 'SUCCESS', 'ETP20251003-X90QZ4', '2023-10-06 21:02:49'),
('395', '395', '6950.4', 'NETBANKING', 'FAILED', 'ETP20251003-KOOEFO', '2024-08-19 03:44:01'),
('396', '396', '3865.81', 'NETBANKING', 'SUCCESS', 'ETP20251003-Q3OAY6', '2024-10-28 05:22:31'),
('397', '397', '927.44', 'CARD', 'SUCCESS', 'ETP20251003-HPE6KZ', '2023-12-09 17:08:12'),
('398', '398', '9212.78', 'UPI', 'PENDING', 'ETP20251003-HRBBFY', '2025-07-16 06:58:36'),
('399', '399', '4944.41', 'UPI', 'PENDING', 'ETP20251003-DT1V9C', '2024-10-17 12:20:42'),
('400', '400', '4740.9', 'WALLET', 'FAILED', 'ETP20251003-4SQCYX', '2024-01-28 01:45:19');

